,Unnamed: 0,Make,Fuel,Model,Cnt,Emission,year
38,1212,ALFA ROMEO,PETROL,ALFA GIULIETTA,13175,176.0,2018
26,1034,ALFA ROMEO,DIESEL,ALFA GIULIETTA,15600,148.0,2019
17,644,ALFA ROMEO,DIESEL,ALFA GIULIETTA,26895,147.0,2018
18,857,ALFA ROMEO,DIESEL,GIULIA,19560,144.0,2018
39,1481,ALFA ROMEO,PETROL,STELVIO,10184,216.0,2018
33,1274,ALFA ROMEO,DIESEL,STELVIO,12233,166.0,2020
25,476,ALFA ROMEO,DIESEL,STELVIO,35732,169.0,2019
16,426,ALFA ROMEO,DIESEL,STELVIO,38710,175.0,2018
363,1043,AUDI,PETROL,A1,15440,134.0,2018
424,901,AUDI,PETROL,A1,18520,130.0,2019
364,1242,AUDI,PETROL,A1 SPORT NAV TFSI,12588,134.0,2018
584,604,AUDI,PETROL,A1 SPORTBACK,28714,136.0,2020
358,286,AUDI,PETROL,A1 SPORTBACK,57099,135.0,2018
418,148,AUDI,PETROL,A1 SPORTBACK,87793,135.0,2019
100,1062,AUDI,DIESEL,A3 LIMOUSINE,15062,138.0,2018
425,950,AUDI,PETROL,A3 LIMOUSINE,17590,145.0,2019
361,943,AUDI,PETROL,A3 LIMOUSINE,17752,141.0,2018
588,1238,AUDI,PETROL,A3 SPORTBACK,12643,134.0,2020
89,562,AUDI,DIESEL,A3 SPORTBACK,30270,142.0,2017
149,325,AUDI,DIESEL,A3 SPORTBACK,51368,143.0,2019
357,251,AUDI,PETROL,A3 SPORTBACK,62918,144.0,2018
93,247,AUDI,DIESEL,A3 SPORTBACK,64202,140.0,2018
421,236,AUDI,PETROL,A3 SPORTBACK,66714,147.0,2019
107,1470,AUDI,DIESEL,A4,10298,161.0,2018
102,1191,AUDI,DIESEL,A4 ALLROAD QUATTRO,13458,161.0,2018
589,1402,AUDI,PETROL,A4 AVANT,11003,159.0,2020
422,515,AUDI,PETROL,A4 AVANT,32846,163.0,2019
253,498,AUDI,DIESEL,A4 AVANT,34157,147.0,2020
359,440,AUDI,PETROL,A4 AVANT,37670,163.0,2018
91,139,AUDI,DIESEL,A4 AVANT,90256,151.0,2018
145,128,AUDI,DIESEL,A4 AVANT,95466,154.0,2019
155,1291,AUDI,DIESEL,A4 LIMOUSINE,12102,148.0,2019
101,1089,AUDI,DIESEL,A4 LIMOUSINE,14671,142.0,2018
362,991,AUDI,PETROL,A5 SPORTBACK,16478,155.0,2018
423,899,AUDI,PETROL,A5 SPORTBACK,18548,165.0,2019
153,723,AUDI,DIESEL,A5 SPORTBACK,23624,157.0,2019
97,668,AUDI,DIESEL,A5 SPORTBACK,25906,153.0,2018
104,1295,AUDI,DIESEL,A6 ALLROAD QUATTRO,12022,178.0,2018
99,965,AUDI,DIESEL,A6 AVANT,17071,180.0,2018
255,854,AUDI,DIESEL,A6 AVANT,19612,166.0,2020
96,349,AUDI,DIESEL,A6 AVANT,48237,194.0,2018
146,170,AUDI,DIESEL,A6 AVANT,81110,172.0,2019
105,1320,AUDI,DIESEL,A6 LIMOUSINE,11804,198.0,2018
103,1197,AUDI,DIESEL,A6 LIMOUSINE,13373,179.0,2018
152,688,AUDI,DIESEL,A6 LIMOUSINE,24988,164.0,2019
156,1300,AUDI,DIESEL,A6 S LINE 40 TDI S-A,11964,152.0,2019
326,739,AUDI,ELECTRIC,AUDI E-TRON,23177,0.0,2019
331,1462,AUDI,ELECTRIC,E-TRON 50,10387,0.0,2020
257,1024,AUDI,DIESEL,Q2,15796,155.0,2020
585,693,AUDI,PETROL,Q2,24705,147.0,2020
150,406,AUDI,DIESEL,Q2,40894,154.0,2019
94,322,AUDI,DIESEL,Q2,51931,153.0,2018
356,211,AUDI,PETROL,Q2,71924,144.0,2018
420,198,AUDI,PETROL,Q2,74188,152.0,2019
256,882,AUDI,DIESEL,Q3,18954,161.0,2020
586,800,AUDI,PETROL,Q3,20975,167.0,2020
360,494,AUDI,PETROL,Q3,34511,160.0,2018
95,337,AUDI,DIESEL,Q3,49467,142.0,2018
148,290,AUDI,DIESEL,Q3,56783,163.0,2019
419,169,AUDI,PETROL,Q3,81324,177.0,2019
587,1192,AUDI,PETROL,Q3 SPORTBACK,13456,172.0,2020
258,1081,AUDI,DIESEL,Q3 SPORTBACK,14733,166.0,2020
365,1392,AUDI,PETROL,Q5,11139,204.0,2018
254,807,AUDI,DIESEL,Q5,20752,185.0,2020
147,180,AUDI,DIESEL,Q5,78519,196.0,2019
92,159,AUDI,DIESEL,Q5,83832,194.0,2018
106,1364,AUDI,DIESEL,Q5 S LINE TDI QUATTRO S-A,11370,194.0,2018
154,912,AUDI,DIESEL,Q7,18294,225.0,2019
98,850,AUDI,DIESEL,Q7,19683,224.0,2018
151,686,AUDI,DIESEL,Q8,25076,225.0,2019
366,1406,AUDI,PETROL,SQ5,10918,243.0,2018
1113,1497,BMW,DIESEL,116D,10076,121.0,2019
1350,1269,BMW,DIESEL,116D,12273,121.0,2020
1095,818,BMW,DIESEL,116D,20493,145.0,2019
762,561,BMW,DIESEL,116D,30422,145.0,2018
1557,1045,BMW,PETROL,116I,15400,163.0,2018
1351,1310,BMW,DIESEL,118D,11877,130.0,2020
1096,955,BMW,DIESEL,118D,17292,147.0,2019
765,780,BMW,DIESEL,118D,21608,147.0,2018
1790,680,BMW,PETROL,118I,25301,141.0,2019
2043,467,BMW,PETROL,118I,36306,140.0,2020
1788,340,BMW,PETROL,118I,48899,171.0,2019
1554,296,BMW,PETROL,118I,55158,170.0,2018
1558,1148,BMW,PETROL,120I,13896,173.0,2018
1555,999,BMW,PETROL,218I ACTIVE TOURER,16272,154.0,2018
2223,1083,BMW,PETROL/ELECTRIC,225XE IPERFORMANCE,14719,67.0,2018
2248,775,BMW,PETROL/ELECTRIC,225XE IPERFORMANCE,21733,54.0,2019
1110,1417,BMW,DIESEL,318D,10824,154.0,2019
1107,1345,BMW,DIESEL,318D,11528,132.0,2019
769,1006,BMW,DIESEL,318D,16166,154.0,2018
1112,1486,BMW,DIESEL,320D,10144,158.0,2019
1352,1327,BMW,DIESEL,320D,11759,136.0,2020
767,924,BMW,DIESEL,320D,18020,157.0,2018
1093,730,BMW,DIESEL,320D,23336,137.0,2019
1103,1249,BMW,DIESEL,320D XDRIVE,12499,148.0,2019
1792,1046,BMW,PETROL,320I,15370,150.0,2019
2250,1063,BMW,PETROL/ELECTRIC,330E,15057,34.0,2019
1794,1182,BMW,PETROL,330I,13553,155.0,2019
1111,1463,BMW,DIESEL,420D,10362,154.0,2019
772,1296,BMW,DIESEL,420D,12018,156.0,2018
1796,1393,BMW,PETROL,420I,11121,178.0,2019
1098,1059,BMW,DIESEL,520D,15115,148.0,2019
770,1015,BMW,DIESEL,520D,16002,150.0,2018
1094,782,BMW,DIESEL,520D,21589,159.0,2019
764,704,BMW,DIESEL,520D,24284,160.0,2018
774,1312,BMW,DIESEL,520D XDRIVE,11847,169.0,2018
1104,1261,BMW,DIESEL,520D XDRIVE,12346,167.0,2019
1108,1356,BMW,DIESEL,530D XDRIVE,11425,188.0,2019
773,1304,BMW,DIESEL,530D XDRIVE,11906,188.0,2018
2224,1380,BMW,PETROL/ELECTRIC,530E IPERFORMANCE,11244,52.0,2018
2249,860,BMW,PETROL/ELECTRIC,530E IPERFORMANCE,19466,47.0,2019
2225,1473,BMW,PETROL/ELECTRIC,530E M SPORT AUTO,10250,52.0,2018
1540,508,BMW,ELECTRIC,I3,33477,0.0,2019
1541,1050,BMW,ELECTRIC,I3S,15268,0.0,2019
1797,1420,BMW,PETROL,M2 COMPETITION,10807,221.0,2019
775,1349,BMW,DIESEL,SERIE 1,11476,148.0,2018
768,985,BMW,DIESEL,SERIE X,16602,149.0,2018
780,1503,BMW,DIESEL,X1 SDRIVE 18D,10026,147.0,2018
1556,1025,BMW,PETROL,X1 SDRIVE 18I,15792,158.0,2018
777,1423,BMW,DIESEL,X1 SDRIVE16D,10756,135.0,2018
1102,1243,BMW,DIESEL,X1 SDRIVE16D,12552,134.0,2019
761,543,BMW,DIESEL,X1 SDRIVE18D,31226,148.0,2018
1091,507,BMW,DIESEL,X1 SDRIVE18D,33491,145.0,2019
1559,1158,BMW,PETROL,X1 SDRIVE18I,13788,157.0,2018
1789,522,BMW,PETROL,X1 SDRIVE18I,32322,156.0,2019
1791,939,BMW,PETROL,X1 SDRIVE20I,17830,167.0,2019
776,1385,BMW,DIESEL,X1 XDRIVE 20D,11206,157.0,2018
779,1492,BMW,DIESEL,X1 XDRIVE18D,10108,156.0,2018
1100,1110,BMW,DIESEL,X1 XDRIVE18D,14408,153.0,2019
1097,1037,BMW,DIESEL,X1 XDRIVE20D,15539,155.0,2019
771,1293,BMW,DIESEL,X2 SDRIVE18D,12094,144.0,2018
1101,1127,BMW,DIESEL,X2 SDRIVE18D,14153,143.0,2019
1793,1082,BMW,PETROL,X2 SDRIVE18I,14722,153.0,2019
1109,1372,BMW,DIESEL,X3 XDRIVE 20D,11304,179.0,2019
766,923,BMW,DIESEL,X3 XDRIVE 20D,18036,184.0,2018
778,1487,BMW,DIESEL,X3 XDRIVE 30D,10140,196.0,2018
763,702,BMW,DIESEL,X3 XDRIVE20D,24392,184.0,2018
1090,341,BMW,DIESEL,X3 XDRIVE20D,48748,180.0,2019
1795,1189,BMW,PETROL,X3 XDRIVE20I,13475,208.0,2019
1105,1284,BMW,DIESEL,X3 XDRIVE30D,12144,194.0,2019
1099,1085,BMW,DIESEL,X4 XDRIVE20D,14703,179.0,2019
1106,1322,BMW,DIESEL,X5 M50D,11774,223.0,2019
1092,516,BMW,DIESEL,X5 XDRIVE30D,32828,208.0,2019
2324,213,CHRYSLER,DIESEL,COMPASS,70518,172.0,2018
2330,1202,CHRYSLER,PETROL,RENEGADE,13310,166.0,2018
2325,250,CHRYSLER,DIESEL,RENEGADE,63010,161.0,2018
2340,1501,CITROEN,DIESEL,BERLINGO,10057,151.0,2018
2603,1411,CITROEN,PETROL,BERLINGO,10858,157.0,2020
2476,990,CITROEN,PETROL,BERLINGO,16500,147.0,2018
2337,632,CITROEN,DIESEL,BERLINGO,27614,152.0,2018
2425,537,CITROEN,DIESEL,BERLINGO,31354,146.0,2020
2529,485,CITROEN,PETROL,BERLINGO,35090,160.0,2019
2369,331,CITROEN,DIESEL,BERLINGO,50420,152.0,2019
2477,1132,CITROEN,PETROL,C1,14080,115.0,2018
2600,491,CITROEN,PETROL,C1,34689,109.0,2020
2473,222,CITROEN,PETROL,C1,69109,114.0,2018
2526,163,CITROEN,PETROL,C1,83085,112.0,2019
2426,648,CITROEN,DIESEL,C3,26673,116.0,2020
2333,151,CITROEN,DIESEL,C3,85596,120.0,2018
2366,147,CITROEN,DIESEL,C3,87929,120.0,2019
2598,86,CITROEN,PETROL,C3,118412,130.0,2020
2471,13,CITROEN,PETROL,C3,262563,134.0,2018
2524,1,CITROEN,PETROL,C3,324540,135.0,2019
2427,853,CITROEN,DIESEL,C3 AIRCROSS,19641,128.0,2020
2599,409,CITROEN,PETROL,C3 AIRCROSS,40792,143.0,2020
2335,348,CITROEN,DIESEL,C3 AIRCROSS,48247,132.0,2018
2368,321,CITROEN,DIESEL,C3 AIRCROSS,52066,132.0,2019
2525,72,CITROEN,PETROL,C3 AIRCROSS,127594,148.0,2019
2472,69,CITROEN,PETROL,C3 AIRCROSS,130394,150.0,2018
2479,1313,CITROEN,PETROL,C3 FLAIR PURETECH,11846,134.0,2018
2602,1355,CITROEN,PETROL,C4 CACTUS,11435,132.0,2020
2371,531,CITROEN,DIESEL,C4 CACTUS,31782,127.0,2019
2336,525,CITROEN,DIESEL,C4 CACTUS,32199,127.0,2018
2528,334,CITROEN,PETROL,C4 CACTUS,49798,138.0,2019
2474,300,CITROEN,PETROL,C4 CACTUS,54912,141.0,2018
2475,690,CITROEN,PETROL,C4 PICASSO,24773,202.0,2018
2334,346,CITROEN,DIESEL,C4 PICASSO,48412,179.0,2018
2478,1251,CITROEN,PETROL,C4 SPACETOURER,12488,145.0,2018
2428,1107,CITROEN,DIESEL,C4 SPACETOURER,14449,136.0,2020
2338,746,CITROEN,DIESEL,C4 SPACETOURER,23080,144.0,2018
2530,596,CITROEN,PETROL,C4 SPACETOURER,28930,148.0,2019
2370,389,CITROEN,DIESEL,C4 SPACETOURER,43200,140.0,2019
2601,1042,CITROEN,PETROL,C5 AIRCROSS,15456,155.0,2020
2424,510,CITROEN,DIESEL,C5 AIRCROSS,33261,143.0,2020
2527,315,CITROEN,PETROL,C5 AIRCROSS,52730,162.0,2019
2367,208,CITROEN,DIESEL,C5 AIRCROSS,72380,148.0,2019
2339,1134,CITROEN,DIESEL,JUMPY SPACE TOURER,14059,180.0,2018
2373,1267,CITROEN,DIESEL,JUMPY SPACETOURER,12306,186.0,2019
2531,1226,CITROEN,PETROL,NUEVO,12874,146.0,2019
2372,674,CITROEN,DIESEL,NUEVO,25602,150.0,2019
2684,1465,DACIA,LPG,DOKKER,10351,166.0,2018
2673,1196,DACIA,DIESEL,DOKKER,13405,138.0,2020
2750,1058,DACIA,PETROL,DOKKER,15133,158.0,2020
2649,651,DACIA,DIESEL,DOKKER,26603,142.0,2018
2658,579,DACIA,DIESEL,DOKKER,29538,142.0,2019
2701,402,DACIA,PETROL,DOKKER,41177,174.0,2018
2720,391,DACIA,PETROL,DOKKER,43012,169.0,2019
2703,1053,DACIA,PETROL,DUSTER,15209,144.0,2018
2683,682,DACIA,LPG,DUSTER,25190,166.0,2018
2693,551,DACIA,LPG,DUSTER,30779,135.0,2020
2648,504,DACIA,DIESEL,DUSTER,33671,116.0,2018
2748,479,DACIA,PETROL,DUSTER,35417,150.0,2020
2697,449,DACIA,PETROL,DUSTER,37360,165.0,2017
2671,302,DACIA,DIESEL,DUSTER,54805,137.0,2020
2687,253,DACIA,LPG,DUSTER,62598,163.0,2019
2699,105,DACIA,PETROL,DUSTER,105867,177.0,2018
2718,38,DACIA,PETROL,DUSTER,175304,168.0,2019
2656,36,DACIA,DIESEL,DUSTER,176084,142.0,2019
2646,33,DACIA,DIESEL,DUSTER,179119,144.0,2018
2651,838,DACIA,DIESEL,LODGY,19996,138.0,2018
2659,802,DACIA,DIESEL,LODGY,20940,139.0,2019
2721,639,DACIA,PETROL,LODGY,27168,163.0,2019
2702,600,DACIA,PETROL,LODGY,28814,167.0,2018
2660,809,DACIA,DIESEL,LOGAN,20738,121.0,2019
2749,778,DACIA,PETROL,LOGAN,21652,135.0,2020
2650,762,DACIA,DIESEL,LOGAN,22186,121.0,2018
2700,183,DACIA,PETROL,LOGAN,77021,143.0,2018
2719,138,DACIA,PETROL,LOGAN,90434,143.0,2019
2672,763,DACIA,DIESEL,SANDERO,22156,124.0,2020
2692,503,DACIA,LPG,SANDERO,33717,123.0,2020
2688,441,DACIA,LPG,SANDERO,37646,132.0,2019
2682,384,DACIA,LPG,SANDERO,43490,137.0,2018
2657,298,DACIA,DIESEL,SANDERO,55014,124.0,2019
2647,215,DACIA,DIESEL,SANDERO,70082,124.0,2018
2747,136,DACIA,PETROL,SANDERO,91579,137.0,2020
2698,4,DACIA,PETROL,SANDERO,308575,147.0,2018
2717,2,DACIA,PETROL,SANDERO,321984,146.0,2019
2798,957,DS,PETROL,DS 3,17245,149.0,2018
2804,1119,DS,PETROL,DS 3 CROSSBACK,14290,139.0,2019
2805,1140,DS,PETROL,DS 7 CROSSBACK,13964,171.0,2019
2774,974,DS,DIESEL,DS 7 CROSSBACK,16888,166.0,2018
2781,629,DS,DIESEL,DS 7 CROSSBACK,27704,159.0,2019
3063,736,FIAT,PETROL,500,23229,129.0,2020
2932,362,FIAT,PETROL,500,46630,141.0,2018
2997,160,FIAT,PETROL,500,83629,138.0,2019
2943,1340,FIAT,PETROL,500 ABARTH,11620,165.0,2018
3004,816,FIAT,PETROL,500 LOUNGE,20522,138.0,2019
2936,593,FIAT,PETROL,500 LOUNGE,29210,141.0,2018
2876,1079,FIAT,DIESEL,500X,14832,143.0,2019
2856,941,FIAT,DIESEL,500X,17788,143.0,2018
2939,896,FIAT,PETROL,500X,18667,154.0,2018
3000,394,FIAT,PETROL,500X,42330,158.0,2019
3005,836,FIAT,PETROL,ABARTH 500,20014,169.0,2019
2905,1494,FIAT,LPG,FIAT 500,10092,133.0,2019
2901,1297,FIAT,LPG,FIAT 500,12004,138.0,2018
2930,266,FIAT,PETROL,FIAT 500,60876,142.0,2018
3062,178,FIAT,PETROL,FIAT 500,78681,126.0,2020
2929,56,FIAT,PETROL,FIAT 500,141160,144.0,2018
2996,30,FIAT,PETROL,FIAT 500,187501,137.0,2019
3067,1458,FIAT,PETROL,FIAT 500L,10434,169.0,2020
2942,1117,FIAT,PETROL,FIAT 500L,14304,187.0,2018
2940,929,FIAT,PETROL,FIAT 500L,17952,184.0,2018
3002,634,FIAT,PETROL,FIAT 500L,27506,180.0,2019
2874,473,FIAT,DIESEL,FIAT 500L,35828,139.0,2019
2854,448,FIAT,DIESEL,FIAT 500L,37366,141.0,2018
2857,1060,FIAT,DIESEL,FIAT 500X,15088,143.0,2018
2938,837,FIAT,PETROL,FIAT 500X,20010,161.0,2018
2888,823,FIAT,DIESEL,FIAT 500X,20323,133.0,2020
3064,801,FIAT,PETROL,FIAT 500X,20940,151.0,2020
2935,559,FIAT,PETROL,FIAT 500X,30464,160.0,2018
2872,287,FIAT,DIESEL,FIAT 500X,56938,139.0,2019
2999,276,FIAT,PETROL,FIAT 500X,58467,160.0,2019
2852,232,FIAT,DIESEL,FIAT 500X,67488,140.0,2018
2937,793,FIAT,PETROL,FIAT PANDA,21166,145.0,2018
3003,783,FIAT,PETROL,FIAT PANDA,21564,146.0,2019
2858,1350,FIAT,DIESEL,FIAT TIPO,11472,142.0,2018
2889,1307,FIAT,DIESEL,FIAT TIPO,11898,130.0,2020
2941,976,FIAT,PETROL,FIAT TIPO,16856,174.0,2018
3065,868,FIAT,PETROL,FIAT TIPO,19300,161.0,2020
2933,432,FIAT,PETROL,FIAT TIPO,38206,171.0,2018
2873,397,FIAT,DIESEL,FIAT TIPO,41627,135.0,2019
2853,323,FIAT,DIESEL,FIAT TIPO,51812,139.0,2018
2998,229,FIAT,PETROL,FIAT TIPO,67594,166.0,2019
2911,1426,FIAT,LPG,PANDA,10729,133.0,2020
2915,1239,FIAT,NG,PANDA,12640,127.0,2018
2904,381,FIAT,LPG,PANDA,43926,135.0,2019
2931,312,FIAT,PETROL,PANDA,53252,147.0,2018
2900,264,FIAT,LPG,PANDA,60958,140.0,2018
3061,85,FIAT,PETROL,PANDA,118816,134.0,2020
2928,37,FIAT,PETROL,PANDA,175748,145.0,2018
2995,9,FIAT,PETROL,PANDA,280851,144.0,2019
2877,1325,FIAT,DIESEL,TALENTO,11764,188.0,2019
3066,1348,FIAT,PETROL,TIPO,11501,157.0,2020
2855,844,FIAT,DIESEL,TIPO,19892,138.0,2018
2875,695,FIAT,DIESEL,TIPO,24686,127.0,2019
3001,549,FIAT,PETROL,TIPO,30926,168.0,2019
2934,484,FIAT,PETROL,TIPO,35132,180.0,2018
3109,858,FORD,DIESEL,C-MAX,19538,157.0,2018
3566,544,FORD,PETROL,C-MAX,31212,164.0,2019
3456,439,FORD,PETROL,C-MAX,37766,158.0,2018
3225,647,FORD,DIESEL,ECOSPORT,26828,137.0,2019
3702,558,FORD,PETROL,ECOSPORT,30466,141.0,2020
3105,442,FORD,DIESEL,ECOSPORT,37568,138.0,2018
3450,75,FORD,PETROL,ECOSPORT,125162,150.0,2018
3563,44,FORD,PETROL,ECOSPORT,159291,151.0,2019
3464,1173,FORD,PETROL,ECOSPORT ST-LINE,13636,150.0,2018
3570,881,FORD,PETROL,ECOSPORT ST-LINE,18958,149.0,2019
3467,1259,FORD,PETROL,ECOSPORT TITANIUM,12396,147.0,2018
3577,1157,FORD,PETROL,ECOSPORT TITANIUM,13814,147.0,2019
3226,1155,FORD,DIESEL,EDGE,13828,200.0,2019
3112,1135,FORD,DIESEL,EDGE,14028,204.0,2018
3368,1247,FORD,DIESEL,FIESTA,12519,116.0,2020
3222,535,FORD,DIESEL,FIESTA,31561,128.0,2019
3103,254,FORD,DIESEL,FIESTA,62507,128.0,2018
3700,158,FORD,PETROL,FIESTA,84491,123.0,2020
3561,15,FORD,PETROL,FIESTA,249353,135.0,2019
3449,11,FORD,PETROL,FIESTA,266176,135.0,2018
3567,578,FORD,PETROL,FIESTA ST-LINE TURBO,29608,132.0,2019
3458,533,FORD,PETROL,FIESTA ST-LINE TURBO,31632,132.0,2018
3571,883,FORD,PETROL,FIESTA TITANIUM TURBO,18942,128.0,2019
3459,570,FORD,PETROL,FIESTA TITANIUM TURBO,30042,128.0,2018
3581,1399,FORD,PETROL,FIESTA TREND,11022,130.0,2019
3572,890,FORD,PETROL,FIESTA ZETEC,18800,131.0,2019
3455,430,FORD,PETROL,FIESTA ZETEC,38290,131.0,2018
3573,946,FORD,PETROL,FIESTA ZETEC TURBO,17718,127.0,2019
3457,457,FORD,PETROL,FIESTA ZETEC TURBO,36822,128.0,2018
3107,640,FORD,DIESEL,FOCUS,27097,129.0,2018
3365,343,FORD,DIESEL,FOCUS,48575,125.0,2020
3454,307,FORD,PETROL,FOCUS,53574,135.0,2018
3701,186,FORD,PETROL,FOCUS,76543,135.0,2020
3102,184,FORD,DIESEL,FOCUS,76897,144.0,2018
3218,107,FORD,DIESEL,FOCUS,104019,130.0,2019
3451,93,FORD,PETROL,FOCUS,113993,139.0,2018
3562,21,FORD,PETROL,FOCUS,209341,141.0,2019
3569,872,FORD,PETROL,FOCUS ST-LINE,19124,131.0,2019
3578,1221,FORD,PETROL,FOCUS ST-LINE X,12958,137.0,2019
3575,1093,FORD,PETROL,FOCUS TITANIUM,14600,129.0,2019
3227,1271,FORD,DIESEL,GALAXY,12250,173.0,2019
3113,1264,FORD,DIESEL,GALAXY,12323,171.0,2018
3463,1172,FORD,PETROL,GRAND C-MAX,13645,169.0,2018
3466,1244,FORD,PETROL,KA,12545,135.0,2018
3565,203,FORD,PETROL,KA,73336,137.0,2019
3579,1273,FORD,PETROL,KA ZETEC,12236,132.0,2019
3453,271,FORD,PETROL,KA+,59365,136.0,2018
3462,984,FORD,PETROL,KA+ ZETEC,16630,132.0,2018
3703,1154,FORD,PETROL,KUGA,13831,152.0,2020
3443,1106,FORD,E85,KUGA,14452,194.0,2019
3801,904,FORD,PETROL/ELECTRIC,KUGA,18500,36.0,2020
3366,726,FORD,DIESEL,KUGA,23454,143.0,2020
3219,161,FORD,DIESEL,KUGA,83331,180.0,2019
3452,114,FORD,PETROL,KUGA,101546,192.0,2018
3101,99,FORD,DIESEL,KUGA,111078,186.0,2018
3564,71,FORD,PETROL,KUGA,128221,189.0,2019
3582,1459,FORD,PETROL,KUGA ST-LINE,10428,184.0,2019
3230,1437,FORD,DIESEL,KUGA TITANIUM EDITION TDCI,10618,172.0,2019
3111,1005,FORD,DIESEL,KUGA TITANIUM TDCI,16194,174.0,2018
3369,1331,FORD,DIESEL,MONDEO,11700,146.0,2020
3576,1099,FORD,PETROL,MONDEO,14554,183.0,2019
3461,876,FORD,PETROL,MONDEO,19073,182.0,2018
3220,460,FORD,DIESEL,MONDEO,36792,154.0,2019
3104,350,FORD,DIESEL,MONDEO,48202,163.0,2018
3465,1228,FORD,PETROL,MUSTANG,12856,256.0,2018
3574,1020,FORD,PETROL,MUSTANG,15880,256.0,2019
3699,155,FORD,PETROL,PUMA,84611,129.0,2020
3371,1415,FORD,DIESEL,S-MAX,10830,170.0,2020
3106,599,FORD,DIESEL,S-MAX,28854,171.0,2018
3221,530,FORD,DIESEL,S-MAX,31838,171.0,2019
3580,1395,FORD,PETROL,TOURNEO,11084,154.0,2019
3114,1388,FORD,DIESEL,TOURNEO CONNECT,11161,164.0,2018
3228,1338,FORD,DIESEL,TOURNEO CONNECT,11645,163.0,2019
3460,840,FORD,PETROL,TOURNEO COURIER,19968,154.0,2018
3568,839,FORD,PETROL,TOURNEO COURIER,19972,153.0,2019
3367,1175,FORD,DIESEL,TOURNEO CUSTOM,13624,216.0,2020
3110,887,FORD,DIESEL,TOURNEO CUSTOM,18848,229.0,2018
3223,554,FORD,DIESEL,TOURNEO CUSTOM,30631,225.0,2019
3229,1401,FORD,DIESEL,TRANSIT,11008,244.0,2019
3370,1408,FORD,DIESEL,TRANSIT CUSTOM,10879,210.0,2020
3108,727,FORD,DIESEL,TRANSIT CUSTOM,23432,214.0,2018
3224,590,FORD,DIESEL,TRANSIT CUSTOM,29275,210.0,2019
3896,968,HONDA,PETROL,CIVIC 5DR,16986,150.0,2019
3842,598,HONDA,PETROL,CIVIC 5DR,28875,147.0,2018
3893,505,HONDA,PETROL,CR-V,33607,171.0,2019
3894,597,HONDA,PETROL,HR-V,28898,152.0,2019
3841,584,HONDA,PETROL,HR-V,29442,150.0,2018
3895,698,HONDA,PETROL,JAZZ,24482,136.0,2019
3840,556,HONDA,PETROL,JAZZ,30492,136.0,2018
4222,1122,HYUNDAI,PETROL,HYUNDAI TUCSON,14266,181.0,2019
4223,1240,HYUNDAI,PETROL,I 10,12610,133.0,2019
4138,1217,HYUNDAI,PETROL,I 10,13039,132.0,2018
4218,761,HYUNDAI,PETROL,I 20,22270,137.0,2019
4134,745,HYUNDAI,PETROL,I 20,23100,135.0,2018
4001,1270,HYUNDAI,DIESEL,I 30,12265,123.0,2018
4029,1084,HYUNDAI,DIESEL,I 30,14710,124.0,2019
4303,678,HYUNDAI,PETROL,I 30,25341,140.0,2020
4124,234,HYUNDAI,PETROL,I 30,66843,147.0,2018
4208,189,HYUNDAI,PETROL,I 30,75788,145.0,2019
4221,906,HYUNDAI,PETROL,I 30 N,18496,187.0,2019
4301,605,HYUNDAI,PETROL,I10,28698,119.0,2020
4123,118,HYUNDAI,PETROL,I10,99882,132.0,2018
4207,115,HYUNDAI,PETROL,I10,100949,133.0,2019
4139,1308,HYUNDAI,PETROL,I10 GO SE,11888,127.0,2018
4224,1450,HYUNDAI,PETROL,I10 SE,10492,130.0,2019
4136,1016,HYUNDAI,PETROL,I10 SE,15984,128.0,2018
4307,1052,HYUNDAI,PETROL,I20,15221,132.0,2020
4212,339,HYUNDAI,PETROL,I20,48928,134.0,2019
4126,279,HYUNDAI,PETROL,I20,58243,136.0,2018
4140,1428,HYUNDAI,PETROL,I20 ACTIVE,10712,135.0,2018
4306,1000,HYUNDAI,PETROL,I20 I20 ACTIVE,16253,132.0,2020
4209,194,HYUNDAI,PETROL,I20 I20 ACTIVE,74707,135.0,2019
4125,258,HYUNDAI,PETROL,"I20, I20 ACTIVE",62017,134.0,2018
4002,1328,HYUNDAI,DIESEL,I30,11750,122.0,2018
4217,742,HYUNDAI,PETROL,I30,23132,143.0,2019
4131,499,HYUNDAI,PETROL,I30,34098,146.0,2018
4085,1391,HYUNDAI,ELECTRIC,IONIQ,11140,0.0,2018
4090,982,HYUNDAI,ELECTRIC,IONIQ,16653,0.0,2019
4220,874,HYUNDAI,PETROL,IONIQ,19101,104.0,2019
4135,830,HYUNDAI,PETROL,IONIQ,20145,104.0,2018
4219,797,HYUNDAI,PETROL,IX20,21072,178.0,2019
4133,677,HYUNDAI,PETROL,IX20,25362,182.0,2018
4101,1475,HYUNDAI,ELECTRIC,KONA,10245,0.0,2020
4032,1429,HYUNDAI,DIESEL,KONA,10711,136.0,2019
4100,1075,HYUNDAI,ELECTRIC,KONA,14892,0.0,2020
4089,625,HYUNDAI,ELECTRIC,KONA,27783,0.0,2019
4302,620,HYUNDAI,PETROL,KONA,27889,133.0,2020
4129,396,HYUNDAI,PETROL,KONA,41681,153.0,2018
4211,283,HYUNDAI,PETROL,KONA,57788,145.0,2019
4091,1471,HYUNDAI,ELECTRIC,KONA KAUAI,10284,0.0,2019
4030,1257,HYUNDAI,DIESEL,KONA KAUAI,12404,133.0,2019
4304,926,HYUNDAI,PETROL,KONA KAUAI,18003,144.0,2020
4210,274,HYUNDAI,PETROL,KONA KAUAI,58571,150.0,2019
4137,1177,HYUNDAI,PETROL,"KONA,",13618,145.0,2018
4127,371,HYUNDAI,PETROL,"KONA, KAUAI",45294,155.0,2018
4031,1370,HYUNDAI,DIESEL,SANTA FE,11327,187.0,2019
4308,1223,HYUNDAI,PETROL,TUCSON,12928,181.0,2020
4064,964,HYUNDAI,DIESEL,TUCSON,17117,150.0,2020
4028,477,HYUNDAI,DIESEL,TUCSON,35511,159.0,2019
4000,435,HYUNDAI,DIESEL,TUCSON,37912,162.0,2018
4214,423,HYUNDAI,PETROL,TUCSON,39032,184.0,2019
4130,412,HYUNDAI,PETROL,TUCSON,40603,184.0,2018
4065,1139,HYUNDAI,DIESEL,TUCSON IX35,13972,152.0,2020
4305,995,HYUNDAI,PETROL,TUCSON IX35,16400,181.0,2020
4128,393,HYUNDAI,PETROL,TUCSON IX35,42516,184.0,2018
4213,376,HYUNDAI,PETROL,TUCSON IX35,44272,183.0,2019
4216,667,HYUNDAI,PETROL,TUCSON SE NAV GDI 2WD,25910,183.0,2019
4132,622,HYUNDAI,PETROL,"TUCSON,IX35",27842,183.0,2018
3999,278,HYUNDAI,DIESEL,"TUCSON,IX35",58402,155.0,2018
4215,603,HYUNDAI,PETROL,TUCSONIX35,28716,183.0,2019
4027,378,HYUNDAI,DIESEL,TUCSONIX35,44159,152.0,2019
4396,1019,JAGUAR,DIESEL,JAGUAR E-PACE,15918,193.0,2018
4439,919,JAGUAR,DIESEL,JAGUAR E-PACE,18078,192.0,2019
4440,1442,JAGUAR,DIESEL,JAGUAR F-PACE,10566,189.0,2019
4395,1004,JAGUAR,DIESEL,JAGUAR F-PACE,16195,192.0,2018
4504,1286,JAGUAR,ELECTRIC,JAGUAR I-PACE,12130,0.0,2019
4612,784,JEEP,DIESEL,COMPASS,21501,169.0,2020
4618,550,JEEP,PETROL,COMPASS,30898,192.0,2018
4586,509,JEEP,DIESEL,COMPASS,33294,176.0,2018
4633,417,JEEP,PETROL,COMPASS,40114,185.0,2019
4594,175,JEEP,DIESEL,COMPASS,79598,171.0,2019
4611,660,JEEP,DIESEL,RENEGADE,26292,152.0,2020
4587,652,JEEP,DIESEL,RENEGADE,26562,163.0,2018
4648,602,JEEP,PETROL,RENEGADE,28717,157.0,2020
4619,565,JEEP,PETROL,RENEGADE,30172,165.0,2018
4632,185,JEEP,PETROL,RENEGADE,76555,164.0,2019
4595,176,JEEP,DIESEL,RENEGADE,79498,159.0,2019
4666,1181,KIA,DIESEL,CARENS,13560,110.0,2018
4795,1096,KIA,PETROL,CEE'D,14586,181.0,2018
4699,805,KIA,DIESEL,CEED,20827,129.0,2019
4792,646,KIA,PETROL,CEED,26832,166.0,2018
4791,617,KIA,PETROL,CEED,27994,143.0,2018
4969,489,KIA,PETROL,CEED,34879,139.0,2020
4856,90,KIA,PETROL,CEED,114763,145.0,2019
5052,1434,KIA,PETROL/ELECTRIC,NIRO,10647,31.0,2020
5045,1101,KIA,PETROL/ELECTRIC,NIRO,14532,39.0,2018
4759,936,KIA,ELECTRIC,NIRO,17862,0.0,2019
5048,917,KIA,PETROL/ELECTRIC,NIRO,18166,36.0,2019
4971,756,KIA,PETROL,NIRO,22431,113.0,2020
4766,735,KIA,ELECTRIC,NIRO,23237,0.0,2020
4790,351,KIA,PETROL,NIRO,48148,113.0,2018
4861,282,KIA,PETROL,NIRO,57876,113.0,2019
4667,1489,KIA,DIESEL,OPTIMA,10132,139.0,2018
5049,1438,KIA,PETROL/ELECTRIC,OPTIMA,10616,34.0,2019
4968,474,KIA,PETROL,PICANTO,35753,121.0,2020
4857,111,KIA,PETROL,PICANTO,102309,128.0,2019
4786,102,KIA,PETROL,PICANTO,108772,129.0,2018
4974,1396,KIA,PETROL,PROCEED,11065,155.0,2020
4862,627,KIA,PETROL,PROCEED,27735,155.0,2019
4970,654,KIA,PETROL,RIO,26439,135.0,2020
4860,275,KIA,PETROL,RIO,58556,139.0,2019
4789,255,KIA,PETROL,RIO,62358,139.0,2018
4700,1190,KIA,DIESEL,SORENTO,13472,189.0,2019
4665,1111,KIA,DIESEL,SORENTO,14390,191.0,2018
4973,829,KIA,PETROL,SPORTAGE,20169,182.0,2020
4745,683,KIA,DIESEL,SPORTAGE,25147,150.0,2020
4788,209,KIA,PETROL,SPORTAGE,72372,186.0,2018
4698,205,KIA,DIESEL,SPORTAGE,73198,158.0,2019
4859,192,KIA,PETROL,SPORTAGE,74902,185.0,2019
4663,133,KIA,DIESEL,SPORTAGE,93062,163.0,2018
4863,978,KIA,PETROL,SPORTAGE 2 ISG,16790,183.0,2019
4794,938,KIA,PETROL,SPORTAGE 2 ISG,17838,183.0,2018
4664,986,KIA,DIESEL,STONIC,16596,129.0,2018
4967,431,KIA,PETROL,STONIC,38260,138.0,2020
4787,197,KIA,PETROL,STONIC,74442,141.0,2018
4858,132,KIA,PETROL,STONIC,94077,140.0,2019
4864,1068,KIA,PETROL,VENGA,15019,178.0,2019
4793,811,KIA,PETROL,VENGA,20700,175.0,2018
4865,1171,KIA,PETROL,XCEED,13675,152.0,2019
4972,759,KIA,PETROL,XCEED,22365,151.0,2020
5099,506,LANCIA,PETROL,YPSILON,33590,133.0,2020
5092,459,LANCIA,LPG,YPSILON,36816,132.0,2019
5091,345,LANCIA,LPG,YPSILON,48482,137.0,2018
5097,238,LANCIA,PETROL,YPSILON,66112,140.0,2018
5098,181,LANCIA,PETROL,YPSILON,77986,139.0,2019
5168,973,LAND ROVER,DIESEL,DISCOVERY SPORT,16892,200.0,2019
5101,722,LAND ROVER,DIESEL,DISCOVERY SPORT,23732,203.0,2018
5170,1290,LAND ROVER,DIESEL,DISCOVERY SPORT LANDMARK TD4 A,12114,205.0,2019
5171,1478,LAND ROVER,DIESEL,RANGE ROVER EVOQUE,10192,197.0,2019
5244,1213,LAND ROVER,DIESEL,RANGE ROVER EVOQUE,13174,180.0,2020
5166,664,LAND ROVER,DIESEL,RANGE ROVER EVOQUE,26044,183.0,2019
5100,433,LAND ROVER,DIESEL,RANGE ROVER EVOQUE,38034,195.0,2018
5169,1241,LAND ROVER,DIESEL,RANGE ROVER SPORT,12598,243.0,2019
5103,979,LAND ROVER,DIESEL,RANGE ROVER SPORT,16749,244.0,2018
5167,930,LAND ROVER,DIESEL,RANGE ROVER VELAR,17952,197.0,2019
5102,804,LAND ROVER,DIESEL,RANGE ROVER VELAR,20873,196.0,2018
5399,1359,LEXUS,PETROL,LEXUS CT200H,11413,117.0,2018
5434,1347,LEXUS,PETROL,LEXUS NX300H,11505,169.0,2019
5398,733,LEXUS,PETROL,LEXUS NX300H,23315,169.0,2018
5435,1377,LEXUS,PETROL,NX300H,11287,166.0,2019
5699,1116,MAZDA,PETROL,3,14308,143.0,2019
5642,706,MAZDA,PETROL,CX-3,24191,159.0,2018
5693,534,MAZDA,PETROL,CX-3,31614,155.0,2019
5584,1319,MAZDA,DIESEL,CX-5,11806,173.0,2018
5643,878,MAZDA,PETROL,CX-5,19033,169.0,2018
5695,653,MAZDA,PETROL,CX-5,26524,175.0,2019
5585,1460,MAZDA,DIESEL,MAZDA CX-3,10416,144.0,2018
5638,295,MAZDA,PETROL,MAZDA CX-3,55334,155.0,2018
5690,263,MAZDA,PETROL,MAZDA CX-3,61064,156.0,2019
5696,962,MAZDA,PETROL,MAZDA CX-30,17126,146.0,2019
5786,637,MAZDA,PETROL,MAZDA CX-30,27390,144.0,2020
5787,1321,MAZDA,PETROL,MAZDA CX-5,11775,177.0,2020
5600,897,MAZDA,DIESEL,MAZDA CX-5,18634,176.0,2019
5583,792,MAZDA,DIESEL,MAZDA CX-5,21206,175.0,2018
5691,367,MAZDA,PETROL,MAZDA CX-5,45842,180.0,2019
5639,336,MAZDA,PETROL,MAZDA CX-5,49564,180.0,2018
5644,1123,MAZDA,PETROL,MAZDA MX-5,14254,153.0,2018
5698,1104,MAZDA,PETROL,MAZDA MX-5,14486,152.0,2019
5641,539,MAZDA,PETROL,MAZDA2,31342,125.0,2018
5692,414,MAZDA,PETROL,MAZDA2,40424,125.0,2019
5694,555,MAZDA,PETROL,MAZDA3,30604,143.0,2019
5640,524,MAZDA,PETROL,MAZDA3,32238,163.0,2018
5645,1289,MAZDA,PETROL,MAZDA6,12114,165.0,2018
5697,1098,MAZDA,PETROL,MAZDA6,14566,164.0,2019
6116,1180,MERCEDES-BENZ,DIESEL,A 180,13584,125.0,2019
7191,870,MERCEDES-BENZ,PETROL,A 180,19207,138.0,2020
6870,407,MERCEDES-BENZ,PETROL,A 180,40865,141.0,2019
5863,1378,MERCEDES-BENZ,DIESEL,A 180 D,11262,126.0,2018
6407,856,MERCEDES-BENZ,DIESEL,A 180 D,19562,120.0,2020
5847,528,MERCEDES-BENZ,DIESEL,A 180 D,32117,125.0,2018
6103,206,MERCEDES-BENZ,DIESEL,A 180 D,72828,124.0,2019
7192,1205,MERCEDES-BENZ,PETROL,A 200,13275,139.0,2020
6871,447,MERCEDES-BENZ,PETROL,A 200,37412,143.0,2019
6621,403,MERCEDES-BENZ,PETROL,A 200,41087,144.0,2018
6121,1502,MERCEDES-BENZ,DIESEL,A 200 D,10047,132.0,2019
6876,1072,MERCEDES-BENZ,PETROL,A 220,14947,161.0,2019
7377,918,MERCEDES-BENZ,PETROL/ELECTRIC,A 250 E,18126,26.0,2020
6624,822,MERCEDES-BENZ,PETROL,B 180,20326,165.0,2018
6872,527,MERCEDES-BENZ,PETROL,B 180,32141,143.0,2019
6108,725,MERCEDES-BENZ,DIESEL,B 180 D,23470,125.0,2019
6628,1333,MERCEDES-BENZ,PETROL,B 200,11660,172.0,2018
6873,871,MERCEDES-BENZ,PETROL,B 200,19206,145.0,2019
6118,1287,MERCEDES-BENZ,DIESEL,B 200 D,12123,134.0,2019
6629,1403,MERCEDES-BENZ,PETROL,C 180,10994,173.0,2018
6874,907,MERCEDES-BENZ,PETROL,C 180,18449,167.0,2019
6623,758,MERCEDES-BENZ,PETROL,C 180,22378,168.0,2018
6625,1179,MERCEDES-BENZ,PETROL,C 200,13598,158.0,2018
6877,1092,MERCEDES-BENZ,PETROL,C 200,14625,160.0,2019
6119,1368,MERCEDES-BENZ,DIESEL,C 200 D,11336,143.0,2019
6113,1078,MERCEDES-BENZ,DIESEL,C 220 D,14835,147.0,2019
6110,885,MERCEDES-BENZ,DIESEL,C 220 D,18911,150.0,2019
5855,832,MERCEDES-BENZ,DIESEL,C 220 D,20140,153.0,2018
5850,720,MERCEDES-BENZ,DIESEL,C 220 D,23754,148.0,2018
6627,1265,MERCEDES-BENZ,PETROL,CLA 180,12320,166.0,2018
6631,1506,MERCEDES-BENZ,PETROL,CLA 200,10014,172.0,2018
5858,1133,MERCEDES-BENZ,DIESEL,CLASSE A,14072,127.0,2018
6875,1008,MERCEDES-BENZ,PETROL,CLASSE A,16106,148.0,2019
6107,703,MERCEDES-BENZ,DIESEL,CLASSE A,24298,128.0,2019
5862,1309,MERCEDES-BENZ,DIESEL,CLASSE C,11878,149.0,2018
5864,1384,MERCEDES-BENZ,DIESEL,CLASSE GLA,11208,168.0,2018
6111,956,MERCEDES-BENZ,DIESEL,CLASSE GLC,17264,182.0,2019
5854,820,MERCEDES-BENZ,DIESEL,CLASSE GLC,20418,189.0,2018
6117,1262,MERCEDES-BENZ,DIESEL,E 200 D,12343,145.0,2019
5859,1162,MERCEDES-BENZ,DIESEL,E 200 D,13747,147.0,2018
6115,1141,MERCEDES-BENZ,DIESEL,E 220 D,13955,154.0,2019
6112,1067,MERCEDES-BENZ,DIESEL,E 220 D,15028,163.0,2019
5856,862,MERCEDES-BENZ,DIESEL,E 220 D,19436,154.0,2018
5852,766,MERCEDES-BENZ,DIESEL,E 220 D,22074,164.0,2018
6577,1218,MERCEDES-BENZ,DIESEL/ELECTRIC,E 300 DE,13018,58.0,2019
6611,1485,MERCEDES-BENZ,ELECTRIC,EQC 400 4MATIC,10157,0.0,2020
6630,1484,MERCEDES-BENZ,PETROL,GLA 180,10164,168.0,2018
6881,1414,MERCEDES-BENZ,PETROL,GLA 180,10830,168.0,2019
6879,1165,MERCEDES-BENZ,PETROL,GLA 180,13732,168.0,2019
6878,1153,MERCEDES-BENZ,PETROL,GLA 180 URBAN EDITION AUTO,13852,169.0,2019
6114,1137,MERCEDES-BENZ,DIESEL,GLC,14012,182.0,2019
6408,959,MERCEDES-BENZ,DIESEL,GLC 220 D 4MATIC,17149,165.0,2020
6109,852,MERCEDES-BENZ,DIESEL,GLC 220 D 4MATIC,19648,178.0,2019
5853,815,MERCEDES-BENZ,DIESEL,GLC 220 D 4MATIC,20522,186.0,2018
6106,699,MERCEDES-BENZ,DIESEL,GLC 220 D 4MATIC,24461,173.0,2019
5848,582,MERCEDES-BENZ,DIESEL,GLC 220 D 4MATIC,29447,189.0,2018
6880,1336,MERCEDES-BENZ,PETROL,GLC 250 4MATIC,11651,212.0,2019
6626,1258,MERCEDES-BENZ,PETROL,GLC 250 4MATIC,12396,212.0,2018
6622,740,MERCEDES-BENZ,PETROL,GLC 250 4MATIC,23152,210.0,2018
6120,1477,MERCEDES-BENZ,DIESEL,GLC 250 D 4MATIC,10214,188.0,2019
5861,1266,MERCEDES-BENZ,DIESEL,GLC 250 D 4MATIC,12307,189.0,2018
5860,1227,MERCEDES-BENZ,DIESEL,GLC 250 D 4MATIC,12856,187.0,2018
5857,944,MERCEDES-BENZ,DIESEL,GLC 250 D 4MATIC,17732,186.0,2018
7378,1472,MERCEDES-BENZ,PETROL/ELECTRIC,GLC 300 E 4MATIC,10264,56.0,2020
5851,748,MERCEDES-BENZ,DIESEL,GLE 350 D 4MATIC,23061,242.0,2018
6406,843,MERCEDES-BENZ,DIESEL,V-KLASSE,19902,210.0,2020
5846,398,MERCEDES-BENZ,DIESEL,V-KLASSE,41504,218.0,2018
6104,353,MERCEDES-BENZ,DIESEL,V-KLASSE,47897,213.0,2019
6409,1505,MERCEDES-BENZ,DIESEL,VITO TOURER,10022,199.0,2020
5849,712,MERCEDES-BENZ,DIESEL,VITO TOURER,24024,207.0,2018
6105,586,MERCEDES-BENZ,DIESEL,VITO TOURER,29424,202.0,2019
7527,1508,MINI,PETROL,CLUBMAN COOPER,10010,153.0,2018
7521,1032,MINI,PETROL,COOPER,15640,147.0,2018
7588,1014,MINI,PETROL,COOPER,16018,149.0,2019
7587,993,MINI,PETROL,COOPER,16423,160.0,2019
7519,572,MINI,PETROL,COOPER,29912,141.0,2018
7584,501,MINI,PETROL,COOPER,33742,141.0,2019
7518,496,MINI,PETROL,COOPER,34308,140.0,2018
7583,493,MINI,PETROL,COOPER,34635,139.0,2019
7590,1499,MINI,PETROL,COOPER S,10061,161.0,2019
7524,1142,MINI,PETROL,COOPER S,13948,159.0,2018
7589,1023,MINI,PETROL,COOPER S,15823,155.0,2019
7783,1038,MINI,PETROL/ELECTRIC,COOPER S E ALL4,15538,58.0,2019
7522,1039,MINI,PETROL,COUNTRYMAN COOPER,15498,162.0,2018
7526,1436,MINI,PETROL,MINI,10618,147.0,2018
7523,1061,MINI,PETROL,MINI,15082,145.0,2018
7525,1275,MINI,PETROL,ONE,12230,140.0,2018
7586,803,MINI,PETROL,ONE,20933,138.0,2019
7520,714,MINI,PETROL,ONE,23988,140.0,2018
7585,631,MINI,PETROL,ONE,27617,136.0,2019
7810,1114,MITSUBISHI,PETROL,ASX,14336,151.0,2018
7846,845,MITSUBISHI,PETROL,ASX,19839,163.0,2019
7885,1383,MITSUBISHI,PETROL,MITSUBISHI ASX,11221,168.0,2020
7809,684,MITSUBISHI,PETROL,MITSUBISHI ASX,25123,152.0,2018
7844,568,MITSUBISHI,PETROL,MITSUBISHI ASX,30070,159.0,2019
7808,641,MITSUBISHI,PETROL,MITSUBISHI ECLIPSE CROSS,27070,187.0,2018
7845,585,MITSUBISHI,PETROL,MITSUBISHI ECLIPSE CROSS,29437,186.0,2019
7811,1418,MITSUBISHI,PETROL,MITSUBISHI OUTLANDER,10818,183.0,2018
7847,1361,MITSUBISHI,PETROL,MITSUBISHI OUTLANDER,11396,184.0,2019
7906,1149,MITSUBISHI,PETROL/ELECTRIC,MITSUBISHI OUTLANDER,13880,46.0,2018
7925,931,MITSUBISHI,PETROL/ELECTRIC,MITSUBISHI OUTLANDER,17947,46.0,2020
7914,386,MITSUBISHI,PETROL/ELECTRIC,MITSUBISHI OUTLANDER,43331,46.0,2019
7884,638,MITSUBISHI,PETROL,MITSUBISHI SPACE STAR,27388,120.0,2020
7807,285,MITSUBISHI,PETROL,MITSUBISHI SPACE STAR,57285,117.0,2018
7843,269,MITSUBISHI,PETROL,MITSUBISHI SPACE STAR,59683,120.0,2019
7915,1445,MITSUBISHI,PETROL/ELECTRIC,OUTLANDER,10528,45.0,2019
7907,1447,MITSUBISHI,PETROL/ELECTRIC,OUTLANDER 4H PHEV CVT,10518,46.0,2018
7939,1176,NISSAN,DIESEL,JUKE,13622,149.0,2018
8146,928,NISSAN,PETROL,JUKE,17957,137.0,2020
8095,842,NISSAN,PETROL,JUKE,19919,184.0,2019
8058,536,NISSAN,PETROL,JUKE,31441,190.0,2018
8100,1404,NISSAN,PETROL,JUKE BOSE PERSONAL EDITION,10986,186.0,2019
8010,1466,NISSAN,ELECTRIC,LEAF 40KWH,10340,0.0,2018
8148,1120,NISSAN,PETROL,MICRA,14287,130.0,2020
8057,462,NISSAN,PETROL,MICRA,36672,138.0,2018
8094,419,NISSAN,PETROL,MICRA,39503,133.0,2019
7941,1339,NISSAN,DIESEL,NISSAN JUKE,11620,148.0,2018
8099,1210,NISSAN,PETROL,NISSAN JUKE,13197,183.0,2019
8145,826,NISSAN,PETROL,NISSAN JUKE,20245,138.0,2020
8059,662,NISSAN,PETROL,NISSAN JUKE,26111,184.0,2018
8018,659,NISSAN,ELECTRIC,NISSAN LEAF 40KWH,26354,0.0,2019
8009,532,NISSAN,ELECTRIC,NISSAN LEAF 40KWH,31768,0.0,2018
8147,954,NISSAN,PETROL,NISSAN MICRA,17313,132.0,2020
7938,774,NISSAN,DIESEL,NISSAN MICRA,21754,141.0,2018
8093,294,NISSAN,PETROL,NISSAN MICRA,55764,134.0,2019
8056,248,NISSAN,PETROL,NISSAN MICRA,63772,138.0,2018
8061,987,NISSAN,PETROL,NISSAN PULSAR,16563,153.0,2018
7985,772,NISSAN,DIESEL,NISSAN QASHQAI,21782,145.0,2020
8143,481,NISSAN,PETROL,NISSAN QASHQAI,35264,157.0,2020
7954,202,NISSAN,DIESEL,NISSAN QASHQAI,73552,145.0,2019
8054,113,NISSAN,PETROL,NISSAN QASHQAI,101801,159.0,2018
7934,96,NISSAN,DIESEL,NISSAN QASHQAI,112761,142.0,2018
8091,87,NISSAN,PETROL,NISSAN QASHQAI,116211,159.0,2019
8062,1482,NISSAN,PETROL,NISSAN X-TRAIL,10173,167.0,2018
7958,1301,NISSAN,DIESEL,NISSAN X-TRAIL,11962,184.0,2019
7936,642,NISSAN,DIESEL,NISSAN X-TRAIL,27052,179.0,2018
7986,934,NISSAN,DIESEL,QASHQAI,17913,141.0,2020
8144,665,NISSAN,PETROL,QASHQAI,25996,157.0,2020
7955,310,NISSAN,DIESEL,QASHQAI,53381,144.0,2019
7935,246,NISSAN,DIESEL,QASHQAI,64239,144.0,2018
8055,177,NISSAN,PETROL,QASHQAI,79119,157.0,2018
8092,141,NISSAN,PETROL,QASHQAI,89140,159.0,2019
7956,1147,NISSAN,DIESEL,QASHQAI ACENTA PREMIUM DCI,13906,139.0,2019
8097,1091,NISSAN,PETROL,QASHQAI ACENTA PREMIUM DIG-T,14648,153.0,2019
7937,731,NISSAN,DIESEL,QASHQAI N-CONNECTA DCI,23330,143.0,2018
8096,1026,NISSAN,PETROL,QASHQAI N-CONNECTA DIG-T,15758,159.0,2019
8060,715,NISSAN,PETROL,QASHQAI N-CONNECTA DIG-T,23974,159.0,2018
7940,1281,NISSAN,DIESEL,QASHQAI TEKNA DCI,12180,143.0,2018
8098,1156,NISSAN,PETROL,QASHQAI TEKNA DIG-T,13818,160.0,2019
7957,1220,NISSAN,DIESEL,X-TRAIL,13013,181.0,2019
8358,318,OPEL,PETROL,ADAM,52409,147.0,2019
8312,239,OPEL,PETROL,ADAM,65710,147.0,2018
8198,1166,OPEL,DIESEL,ASTRA,13726,130.0,2018
8219,893,OPEL,DIESEL,ASTRA,18770,130.0,2019
8318,470,OPEL,PETROL,ASTRA,36021,145.0,2018
8354,212,OPEL,PETROL,ASTRA,71905,142.0,2019
8326,960,OPEL,PETROL,ASTRA NOTCHBACK,17144,156.0,2018
8192,770,OPEL,DIESEL,ASTRA SPORTS TOURER,21892,134.0,2018
8322,753,OPEL,PETROL,ASTRA SPORTS TOURER,22776,141.0,2018
8216,434,OPEL,DIESEL,ASTRA SPORTS TOURER,37980,133.0,2019
8356,259,OPEL,PETROL,ASTRA SPORTS TOURER,61768,143.0,2019
8406,1452,OPEL,PETROL,ASTRA SPORTS TOURER+,10480,126.0,2020
8190,671,OPEL,DIESEL,ASTRA SPORTS TOURER+,25778,139.0,2018
8317,436,OPEL,PETROL,ASTRA SPORTS TOURER+,37845,148.0,2018
8407,1476,OPEL,PETROL,ASTRA+,10224,123.0,2020
8319,576,OPEL,PETROL,ASTRA+,29787,147.0,2018
8222,1211,OPEL,DIESEL,COMBO LIFE,13175,155.0,2019
8365,1145,OPEL,PETROL,COMBO LIFE,13919,160.0,2019
8285,1209,OPEL,ELECTRIC,CORSA,13225,0.0,2020
8258,1033,OPEL,DIESEL,CORSA,15635,108.0,2020
8362,781,OPEL,PETROL,CORSA,21598,125.0,2019
8314,311,OPEL,PETROL,CORSA,53343,149.0,2018
8357,304,OPEL,PETROL,CORSA,54722,146.0,2019
8403,83,OPEL,PETROL,CORSA,121006,125.0,2020
8199,1188,OPEL,DIESEL,CORSA-E,13476,94.0,2018
8364,1031,OPEL,PETROL,CORSA-E,15664,149.0,2019
8288,855,OPEL,LPG,CORSA-E,19597,138.0,2018
8292,581,OPEL,LPG,CORSA-E,29488,137.0,2019
8352,25,OPEL,PETROL,CORSA-E,193316,150.0,2019
8310,24,OPEL,PETROL,CORSA-E,193698,151.0,2018
8372,1375,OPEL,PETROL,CROSSLAND,11293,142.0,2019
8371,1374,OPEL,PETROL,CROSSLAND,11297,142.0,2019
8361,589,OPEL,PETROL,CROSSLAND X,29297,147.0,2019
8404,461,OPEL,PETROL,CROSSLAND X,36759,141.0,2020
8316,395,OPEL,PETROL,CROSSLAND X,41986,146.0,2018
8313,244,OPEL,PETROL,CROSSLAND X,64349,149.0,2018
8353,131,OPEL,PETROL,CROSSLAND X,94157,145.0,2019
8328,1469,OPEL,PETROL,CROSSLANDX,10326,146.0,2018
8197,1164,OPEL,DIESEL,CROSSLANDX,13732,130.0,2018
8368,1252,OPEL,PETROL,GRANDLAND,12488,152.0,2019
8257,988,OPEL,DIESEL,GRANDLAND X,16562,141.0,2020
8405,764,OPEL,PETROL,GRANDLAND X,22137,151.0,2020
8217,607,OPEL,DIESEL,GRANDLAND X,28608,150.0,2019
8189,520,OPEL,DIESEL,GRANDLAND X,32500,156.0,2018
8315,319,OPEL,PETROL,GRANDLAND X,52177,154.0,2018
8355,221,OPEL,PETROL,GRANDLAND X,69228,158.0,2019
8196,1125,OPEL,DIESEL,GRANDLANDX,14196,148.0,2018
8220,1011,OPEL,DIESEL,GRANDLANDX,16052,147.0,2019
8223,1263,OPEL,DIESEL,INSIGNIA GRAND SPORT,12328,157.0,2019
8367,1231,OPEL,PETROL,INSIGNIA GRAND SPORT,12798,157.0,2019
8325,913,OPEL,PETROL,INSIGNIA GRAND SPORT,18256,156.0,2018
8193,806,OPEL,DIESEL,INSIGNIA GRAND SPORT,20786,164.0,2018
8370,1334,OPEL,PETROL,INSIGNIA SPORTS TOURER,11656,159.0,2019
8324,909,OPEL,PETROL,INSIGNIA SPORTS TOURER,18421,164.0,2018
8218,616,OPEL,DIESEL,INSIGNIA SPORTS TOURER,28006,163.0,2019
8188,465,OPEL,DIESEL,INSIGNIA SPORTS TOURER,36490,170.0,2018
8369,1292,OPEL,PETROL,KARL,12099,139.0,2019
8363,961,OPEL,PETROL,KARL / VIVA,17138,136.0,2019
8321,738,OPEL,PETROL,KARL / VIVA,23182,138.0,2018
8366,1208,OPEL,PETROL,KARL ROCKS / VIVA ROCKS,13228,140.0,2019
8327,1160,OPEL,PETROL,KARL ROCKS / VIVA ROCKS,13766,140.0,2018
8320,666,OPEL,PETROL,KARLROCKS/VIVAROCKS,25974,140.0,2018
8360,438,OPEL,PETROL,KARLROCKS/VIVAROCKS,37802,140.0,2019
8373,1425,OPEL,PETROL,MOKKA,10752,172.0,2019
8359,335,OPEL,PETROL,MOKKA X,49692,175.0,2019
8311,150,OPEL,PETROL,MOKKA X,86483,170.0,2018
8224,1299,OPEL,DIESEL,MOKKAX,11968,151.0,2019
8194,942,OPEL,DIESEL,MOKKAX,17786,152.0,2018
8221,1086,OPEL,DIESEL,VIVARO-B,14698,187.0,2019
8191,697,OPEL,DIESEL,VIVARO-B,24570,184.0,2018
8374,1427,OPEL,PETROL,ZAFIRA TOURER,10719,185.0,2019
8195,1108,OPEL,DIESEL,ZAFIRA TOURER,14444,172.0,2018
8323,755,OPEL,PETROL,ZAFIRA TOURER,22512,186.0,2018
8761,468,PEUGEOT,PETROL,108,36277,110.0,2020
8620,165,PEUGEOT,PETROL,108,82995,115.0,2018
8685,135,PEUGEOT,PETROL,108,92138,113.0,2019
8560,458,PEUGEOT,DIESEL,2008,36821,123.0,2020
8759,166,PEUGEOT,PETROL,2008,82992,132.0,2020
8483,134,PEUGEOT,DIESEL,2008,92553,131.0,2019
8433,119,PEUGEOT,DIESEL,2008,99483,132.0,2018
8682,23,PEUGEOT,PETROL,2008,203901,144.0,2019
8617,18,PEUGEOT,PETROL,2008,223079,146.0,2018
8565,1365,PEUGEOT,DIESEL,208,11358,120.0,2020
8603,628,PEUGEOT,ELECTRIC,208,27717,0.0,2020
8562,626,PEUGEOT,DIESEL,208,27736,107.0,2020
8687,427,PEUGEOT,PETROL,208,38592,126.0,2019
8482,129,PEUGEOT,DIESEL,208,95347,118.0,2019
8758,91,PEUGEOT,PETROL,208,114483,125.0,2020
8432,76,PEUGEOT,DIESEL,208,124813,110.0,2018
8613,31,PEUGEOT,PETROL,208,185732,132.0,2017
8681,7,PEUGEOT,PETROL,208,295835,133.0,2019
8616,3,PEUGEOT,PETROL,208,315989,133.0,2018
8689,848,PEUGEOT,PETROL,208 TECH EDITION S/S,19786,133.0,2019
8812,1224,PEUGEOT,PETROL/ELECTRIC,3008,12920,31.0,2020
8760,466,PEUGEOT,PETROL,3008,36323,150.0,2020
8558,261,PEUGEOT,DIESEL,3008,61390,138.0,2020
8614,196,PEUGEOT,PETROL,3008,74458,143.0,2017
8428,78,PEUGEOT,DIESEL,3008,122990,143.0,2017
8618,53,PEUGEOT,PETROL,3008,141928,160.0,2018
8683,48,PEUGEOT,PETROL,3008,154740,159.0,2019
8480,27,PEUGEOT,DIESEL,3008,191194,145.0,2019
8430,19,PEUGEOT,DIESEL,3008,221258,148.0,2018
8762,495,PEUGEOT,PETROL,308,34416,132.0,2020
8559,303,PEUGEOT,DIESEL,308,54741,122.0,2020
8615,237,PEUGEOT,PETROL,308,66312,149.0,2017
8619,100,PEUGEOT,PETROL,308,109329,137.0,2018
8684,81,PEUGEOT,PETROL,308,122353,138.0,2019
8427,67,PEUGEOT,DIESEL,308,130896,133.0,2017
8481,45,PEUGEOT,DIESEL,308,156897,127.0,2019
8431,40,PEUGEOT,DIESEL,308,170064,129.0,2018
8763,1001,PEUGEOT,PETROL,5008,16247,154.0,2020
8561,542,PEUGEOT,DIESEL,5008,31261,143.0,2020
8429,464,PEUGEOT,DIESEL,5008,36540,146.0,2017
8621,416,PEUGEOT,PETROL,5008,40152,163.0,2018
8686,291,PEUGEOT,PETROL,5008,56470,163.0,2019
8484,174,PEUGEOT,DIESEL,5008,80562,150.0,2019
8434,140,PEUGEOT,DIESEL,5008,89408,153.0,2018
8564,1121,PEUGEOT,DIESEL,508,14266,135.0,2020
8690,865,PEUGEOT,PETROL,508,19358,159.0,2019
8485,361,PEUGEOT,DIESEL,508,47060,140.0,2019
8488,873,PEUGEOT,DIESEL,EXPERT TRAVELLER,19119,183.0,2019
8435,776,PEUGEOT,DIESEL,EXPERT TRAVELLER,21667,183.0,2018
8566,1421,PEUGEOT,DIESEL,NUEVO,10793,148.0,2020
8487,661,PEUGEOT,DIESEL,NUEVO,26162,153.0,2019
8436,1341,PEUGEOT,DIESEL,RIFTER,11610,153.0,2018
8563,869,PEUGEOT,DIESEL,RIFTER,19229,149.0,2020
8688,633,PEUGEOT,PETROL,RIFTER,27556,163.0,2019
8486,383,PEUGEOT,DIESEL,RIFTER,43508,154.0,2019
8853,1214,PORSCHE,PETROL,CAYENNE,13160,266.0,2019
8824,1013,PORSCHE,PETROL,MACAN,16034,230.0,2018
8851,747,PORSCHE,PETROL,MACAN,23063,230.0,2019
8852,1074,PORSCHE,PETROL,MACAN S,14926,254.0,2019
9100,1183,RENAULT,PETROL,CAPTUR,13532,142.0,2019
9062,1136,RENAULT,LPG,CAPTUR,14022,125.0,2020
9018,455,RENAULT,DIESEL,CAPTUR,36930,126.0,2020
8981,157,RENAULT,DIESEL,CAPTUR,84574,139.0,2019
9138,156,RENAULT,PETROL,CAPTUR,84608,141.0,2020
8954,70,RENAULT,DIESEL,CAPTUR,129548,139.0,2018
9065,10,RENAULT,PETROL,CAPTUR,273238,140.0,2018
9091,5,RENAULT,PETROL,CAPTUR,306080,143.0,2019
9098,1094,RENAULT,PETROL,CAPTUR ICONIC TCE,14594,144.0,2019
9061,1128,RENAULT,LPG,CLIO,14127,112.0,2020
9059,971,RENAULT,LPG,CLIO,16960,118.0,2019
9057,553,RENAULT,LPG,CLIO,30631,124.0,2018
9140,487,RENAULT,PETROL,CLIO,34931,136.0,2020
8984,359,RENAULT,DIESEL,CLIO,47254,110.0,2019
9016,224,RENAULT,DIESEL,CLIO,68795,109.0,2020
9096,98,RENAULT,PETROL,CLIO,111714,119.0,2019
9137,77,RENAULT,PETROL,CLIO,124006,119.0,2020
8979,41,RENAULT,DIESEL,CLIO,168310,128.0,2019
8952,8,RENAULT,DIESEL,CLIO,283894,128.0,2018
9092,6,RENAULT,PETROL,CLIO,301046,134.0,2019
9064,0,RENAULT,PETROL,CLIO,401080,134.0,2018
9099,1124,RENAULT,PETROL,CLIO ICONIC TCE,14244,136.0,2019
8989,1167,RENAULT,DIESEL,ESPACE,13722,172.0,2019
8961,920,RENAULT,DIESEL,ESPACE,18072,171.0,2018
9142,879,RENAULT,PETROL,KADJAR,19006,151.0,2020
9019,511,RENAULT,DIESEL,KADJAR,33202,134.0,2020
8982,168,RENAULT,DIESEL,KADJAR,81830,135.0,2019
9068,145,RENAULT,PETROL,KADJAR,88637,148.0,2018
8956,117,RENAULT,DIESEL,KADJAR,100351,134.0,2018
9095,92,RENAULT,PETROL,KADJAR,114412,150.0,2019
9021,1461,RENAULT,DIESEL,KANGOO,10392,144.0,2020
9070,1201,RENAULT,PETROL,KANGOO,13325,70.0,2018
8986,724,RENAULT,DIESEL,KANGOO,23530,145.0,2019
8957,388,RENAULT,DIESEL,KANGOO,43205,138.0,2018
8987,788,RENAULT,DIESEL,KOLEOS,21328,190.0,2019
8959,472,RENAULT,DIESEL,KOLEOS,35850,201.0,2018
9141,655,RENAULT,PETROL,MEGANE,26404,142.0,2020
9017,410,RENAULT,DIESEL,MEGANE,40642,122.0,2020
8980,88,RENAULT,DIESEL,MEGANE,115928,122.0,2019
9067,79,RENAULT,PETROL,MEGANE,122945,142.0,2018
9094,57,RENAULT,PETROL,MEGANE,140840,145.0,2019
8953,50,RENAULT,DIESEL,MEGANE,151454,119.0,2018
9143,1454,RENAULT,PETROL,SCENIC,10468,157.0,2020
9020,757,RENAULT,DIESEL,SCENIC,22400,152.0,2020
8983,233,RENAULT,DIESEL,SCENIC,67222,150.0,2019
9069,201,RENAULT,PETROL,SCENIC,73881,156.0,2018
9097,193,RENAULT,PETROL,SCENIC,74756,157.0,2019
8955,116,RENAULT,DIESEL,SCENIC,100413,145.0,2018
8988,795,RENAULT,DIESEL,TALISMAN,21080,150.0,2019
8960,577,RENAULT,DIESEL,TALISMAN,29644,144.0,2018
8985,619,RENAULT,DIESEL,TRAFIC,27910,188.0,2019
8958,454,RENAULT,DIESEL,TRAFIC,36959,185.0,2018
9139,228,RENAULT,PETROL,TWINGO,68064,121.0,2020
9093,42,RENAULT,PETROL,TWINGO,164460,125.0,2019
9066,39,RENAULT,PETROL,TWINGO,172548,133.0,2018
9040,446,RENAULT,ELECTRIC,ZOE,37494,0.0,2017
9041,217,RENAULT,ELECTRIC,ZOE,69483,0.0,2018
9044,153,RENAULT,ELECTRIC,ZOE,84900,0.0,2019
9050,137,RENAULT,ELECTRIC,ZOE,91400,0.0,2020
9248,1491,SEAT,DIESEL,ALHAMBRA,10120,181.0,2020
9296,1455,SEAT,PETROL,ALHAMBRA,10464,189.0,2018
9192,710,SEAT,DIESEL,ALHAMBRA,24108,174.0,2018
9210,630,SEAT,DIESEL,ALHAMBRA,27656,179.0,2019
9268,1453,SEAT,NG,ARONA,10478,106.0,2019
9191,636,SEAT,DIESEL,ARONA,27466,139.0,2018
9208,548,SEAT,DIESEL,ARONA,30972,137.0,2019
9423,299,SEAT,PETROL,ARONA,54924,132.0,2020
9291,73,SEAT,PETROL,ARONA,127453,133.0,2018
9340,51,SEAT,PETROL,ARONA,144980,133.0,2019
9247,949,SEAT,DIESEL,ATECA,17641,154.0,2020
9425,502,SEAT,PETROL,ATECA,33719,157.0,2020
9189,415,SEAT,DIESEL,ATECA,40264,149.0,2018
9206,357,SEAT,DIESEL,ATECA,47698,153.0,2019
9293,171,SEAT,PETROL,ATECA,80781,156.0,2018
9343,149,SEAT,PETROL,ATECA,87290,163.0,2019
9347,1095,SEAT,PETROL,CUPRA ATECA,14594,199.0,2019
9212,1029,SEAT,DIESEL,IBIZA,15686,127.0,2019
9193,786,SEAT,DIESEL,IBIZA,21340,127.0,2018
9424,387,SEAT,PETROL,IBIZA,43274,127.0,2020
9290,59,SEAT,PETROL,IBIZA,139829,126.0,2018
9341,54,SEAT,PETROL,IBIZA,141904,127.0,2019
9427,935,SEAT,PETROL,LEON,17873,130.0,2020
9426,765,SEAT,PETROL,LEON,22082,136.0,2020
9209,595,SEAT,DIESEL,LEON,28948,132.0,2019
9190,567,SEAT,DIESEL,LEON,30098,131.0,2018
9342,110,SEAT,PETROL,LEON,102431,140.0,2019
9292,108,SEAT,PETROL,LEON,103660,141.0,2018
9348,1498,SEAT,PETROL,LEON SPORTOURER ST,10074,143.0,2019
9428,1285,SEAT,PETROL,LEON SPORTSTOURER,12141,153.0,2020
9211,849,SEAT,DIESEL,LEON ST,19774,135.0,2019
9194,814,SEAT,DIESEL,LEON ST,20544,134.0,2018
9344,360,SEAT,PETROL,LEON ST,47253,151.0,2019
9294,284,SEAT,PETROL,LEON ST,57595,151.0,2018
9345,796,SEAT,PETROL,MII,21074,120.0,2019
9295,779,SEAT,PETROL,MII,21626,119.0,2018
9346,880,SEAT,PETROL,TARRACO,18974,189.0,2019
9207,540,SEAT,DIESEL,TARRACO,31313,184.0,2019
9647,1248,SKODA,ELECTRIC,CITIGO,12513,0.0,2020
9736,329,SKODA,PETROL,CITIGO,50432,118.0,2019
9668,277,SKODA,PETROL,CITIGO,58419,117.0,2018
9741,1277,SKODA,PETROL,FABIA,12206,128.0,2019
9829,989,SKODA,PETROL,FABIA,16516,125.0,2020
9498,914,SKODA,DIESEL,FABIA,18244,111.0,2018
9671,687,SKODA,PETROL,FABIA,25014,127.0,2018
9822,227,SKODA,PETROL,FABIA,68192,124.0,2020
9664,16,SKODA,PETROL,FABIA,248606,129.0,2018
9732,12,SKODA,PETROL,FABIA,264047,127.0,2019
9740,900,SKODA,PETROL,KAMIQ,18531,136.0,2019
9823,342,SKODA,PETROL,KAMIQ,48594,135.0,2020
9620,794,SKODA,DIESEL,KAROQ,21125,159.0,2020
9825,475,SKODA,PETROL,KAROQ,35746,151.0,2020
9497,364,SKODA,DIESEL,KAROQ,46153,155.0,2018
9555,226,SKODA,DIESEL,KAROQ,68369,161.0,2019
9667,207,SKODA,PETROL,KAROQ,72495,159.0,2018
9734,122,SKODA,PETROL,KAROQ,97318,160.0,2019
9828,980,SKODA,PETROL,KODIAQ,16718,177.0,2020
9618,492,SKODA,DIESEL,KODIAQ,34644,177.0,2020
9669,488,SKODA,PETROL,KODIAQ,34898,174.0,2018
9735,328,SKODA,PETROL,KODIAQ,50461,185.0,2019
9496,242,SKODA,DIESEL,KODIAQ,65130,179.0,2018
9553,124,SKODA,DIESEL,KODIAQ,96711,183.0,2019
9557,1449,SKODA,DIESEL,OCTAVIA,10506,136.0,2019
9673,1250,SKODA,PETROL,OCTAVIA,12490,144.0,2018
9651,1163,SKODA,NG,OCTAVIA,13732,146.0,2018
9653,1109,SKODA,NG,OCTAVIA,14422,114.0,2019
9499,970,SKODA,DIESEL,OCTAVIA,16967,135.0,2018
9827,821,SKODA,PETROL,OCTAVIA,20366,130.0,2020
9617,490,SKODA,DIESEL,OCTAVIA,34871,123.0,2020
9824,452,SKODA,PETROL,OCTAVIA,37194,136.0,2020
9616,425,SKODA,DIESEL,OCTAVIA,38723,141.0,2020
9665,47,SKODA,PETROL,OCTAVIA,156181,144.0,2018
9733,43,SKODA,PETROL,OCTAVIA,162245,143.0,2019
9494,34,SKODA,DIESEL,OCTAVIA,178959,137.0,2018
9552,28,SKODA,DIESEL,OCTAVIA,190525,141.0,2019
9500,1178,SKODA,DIESEL,RAPID,13608,104.0,2018
9672,969,SKODA,PETROL,RAPID,16981,126.0,2018
9738,390,SKODA,PETROL,RAPID,43198,125.0,2019
9666,142,SKODA,PETROL,RAPID,88966,125.0,2018
9556,1126,SKODA,DIESEL,SCALA,14188,131.0,2019
9826,592,SKODA,PETROL,SCALA,29217,130.0,2020
9737,332,SKODA,PETROL,SCALA,50198,131.0,2019
9894,1170,SKODA,PETROL/ELECTRIC,SUPERB,13680,34.0,2020
9619,718,SKODA,DIESEL,SUPERB,23793,151.0,2020
9739,601,SKODA,PETROL,SUPERB,28750,169.0,2019
9670,564,SKODA,PETROL,SUPERB,30195,174.0,2018
9493,363,SKODA,DIESEL,SUPERB,46350,180.0,2017
9495,146,SKODA,DIESEL,SUPERB,88364,154.0,2018
9554,144,SKODA,DIESEL,SUPERB,88706,154.0,2019
9918,1335,SMART,ELECTRIC,EQ FORTWO COUPE,11655,0.0,2020
9911,1215,SMART,ELECTRIC,EQ FORTWO COUPE,13122,0.0,2019
9930,309,SMART,PETROL,FORFOUR,53401,137.0,2018
9954,268,SMART,PETROL,FORFOUR,60222,137.0,2019
9956,958,SMART,PETROL,FORTWO,17206,136.0,2019
9931,1044,SMART,PETROL,FORTWO CABRIO,15423,142.0,2018
9955,734,SMART,PETROL,FORTWO CABRIO,23297,142.0,2019
9929,220,SMART,PETROL,FORTWO COUPE,69317,135.0,2018
9953,154,SMART,PETROL,FORTWO COUPE,84733,135.0,2019
10032,1363,SUBARU,PETROL,FORESTER,11374,199.0,2019
10020,1232,SUBARU,PETROL,FORESTER,12787,199.0,2018
10031,1254,SUBARU,PETROL,OUTBACK,12454,192.0,2019
10030,1066,SUBARU,PETROL,XV,15029,179.0,2019
10019,790,SUBARU,PETROL,XV,21274,179.0,2018
10106,656,SUZUKI,PETROL,BALENO,26396,125.0,2019
10062,624,SUZUKI,PETROL,BALENO,27786,120.0,2018
10107,813,SUZUKI,PETROL,CELERIO,20566,108.0,2019
10061,519,SUZUKI,PETROL,CELERIO,32596,108.0,2018
10056,701,SUZUKI,PETROL,IGNIS,24418,135.0,2017
10155,523,SUZUKI,PETROL,IGNIS,32241,119.0,2020
10103,240,SUZUKI,PETROL,IGNIS,65570,123.0,2019
10059,225,SUZUKI,PETROL,IGNIS,68394,123.0,2018
10063,1354,SUZUKI,PETROL,JIMNY,11436,162.0,2018
10105,560,SUZUKI,PETROL,JIMNY,30443,181.0,2019
10153,418,SUZUKI,PETROL,SWIFT,39802,116.0,2020
10058,188,SUZUKI,PETROL,SWIFT,76504,125.0,2018
10102,143,SUZUKI,PETROL,SWIFT,88764,122.0,2019
10156,1009,SUZUKI,PETROL,SX4,16098,139.0,2020
10060,405,SUZUKI,PETROL,SX4,41048,156.0,2018
10104,306,SUZUKI,PETROL,SX4,53754,154.0,2019
10053,1255,SUZUKI,DIESEL,VITARA,12424,111.0,2018
10154,453,SUZUKI,PETROL,VITARA,37064,143.0,2020
10057,120,SUZUKI,PETROL,VITARA,98808,157.0,2018
10101,64,SUZUKI,PETROL,VITARA,131785,157.0,2019
10219,1317,TESLA,ELECTRIC,MODEL 3,11820,0.0,2020
10218,370,TESLA,ELECTRIC,MODEL 3,45545,0.0,2020
10204,187,TESLA,ELECTRIC,MODEL 3,76536,0.0,2019
10203,182,TESLA,ELECTRIC,MODEL 3,77638,0.0,2019
10220,1422,TESLA,ELECTRIC,MODEL 3 LONG RANGE AWD,10786,0.0,2020
10197,1151,TESLA,ELECTRIC,MODEL S,13868,0.0,2018
10289,1467,TOYOTA,PETROL,AURIS,10336,154.0,2018
10402,1410,TOYOTA,PETROL,AURIS,10858,117.0,2019
10281,769,TOYOTA,PETROL,AURIS,21908,116.0,2018
10283,861,TOYOTA,PETROL,AYGO,19453,115.0,2018
10576,817,TOYOTA,PETROL,AYGO,20509,114.0,2020
10382,385,TOYOTA,PETROL,AYGO,43364,114.0,2019
10397,1130,TOYOTA,PETROL,AYGO X-PLAY VVT-I,14104,114.0,2019
10394,1090,TOYOTA,PETROL,AYGO X-TREND VVT-I,14658,114.0,2019
10583,1268,TOYOTA,PETROL,C-HR,12275,118.0,2020
10392,1087,TOYOTA,PETROL,C-HR,14693,110.0,2019
10577,922,TOYOTA,PETROL,C-HR,18036,114.0,2020
10388,824,TOYOTA,PETROL,C-HR,20323,114.0,2019
10279,587,TOYOTA,PETROL,C-HR,29324,119.0,2018
10384,411,TOYOTA,PETROL,C-HR,40604,112.0,2019
10288,1397,TOYOTA,PETROL,COROLLA,11030,154.0,2018
10581,1194,TOYOTA,PETROL,COROLLA,13445,107.0,2020
10398,1174,TOYOTA,PETROL,COROLLA,13635,108.0,2019
10393,1088,TOYOTA,PETROL,COROLLA,14686,110.0,2019
10579,983,TOYOTA,PETROL,COROLLA,16650,109.0,2020
10386,514,TOYOTA,PETROL,COROLLA,33026,110.0,2019
10586,1432,TOYOTA,PETROL,RAV4,10665,130.0,2020
10403,1416,TOYOTA,PETROL,RAV4,10826,129.0,2019
10580,1146,TOYOTA,PETROL,RAV4,13914,134.0,2020
10285,1040,TOYOTA,PETROL,RAV4,15492,144.0,2018
10389,997,TOYOTA,PETROL,RAV4,16346,133.0,2019
10387,613,TOYOTA,PETROL,RAV4,28106,132.0,2019
10400,1198,TOYOTA,PETROL,TOYOTA AURIS,13349,116.0,2019
10399,1193,TOYOTA,PETROL,TOYOTA AURIS,13454,153.0,2019
10278,580,TOYOTA,PETROL,TOYOTA AURIS,29492,153.0,2018
10275,74,TOYOTA,PETROL,TOYOTA AURIS,126883,116.0,2018
10282,810,TOYOTA,PETROL,TOYOTA AVENSIS,20715,142.0,2018
10569,374,TOYOTA,PETROL,TOYOTA AYGO,44464,113.0,2020
10374,101,TOYOTA,PETROL,TOYOTA AYGO,109315,113.0,2019
10273,52,TOYOTA,PETROL,TOYOTA AYGO,142731,114.0,2018
10570,469,TOYOTA,PETROL,TOYOTA C-HR,36091,114.0,2020
10379,308,TOYOTA,PETROL,TOYOTA C-HR,53555,116.0,2019
10377,223,TOYOTA,PETROL,TOYOTA C-HR,68884,115.0,2019
10271,26,TOYOTA,PETROL,TOYOTA C-HR,191735,114.0,2018
10404,1495,TOYOTA,PETROL,TOYOTA COROLLA,10081,151.0,2019
10587,1435,TOYOTA,PETROL,TOYOTA COROLLA,10628,109.0,2020
10401,1206,TOYOTA,PETROL,TOYOTA COROLLA,13247,123.0,2019
10396,1102,TOYOTA,PETROL,TOYOTA COROLLA,14517,122.0,2019
10284,911,TOYOTA,PETROL,TOYOTA COROLLA,18388,153.0,2018
10571,529,TOYOTA,PETROL,TOYOTA COROLLA,31847,114.0,2020
10383,399,TOYOTA,PETROL,TOYOTA COROLLA,41438,116.0,2019
10378,256,TOYOTA,PETROL,TOYOTA COROLLA,62085,114.0,2019
10232,1507,TOYOTA,DIESEL,TOYOTA LAND CRUISER (150 SERIES),10014,251.0,2018
10287,1381,TOYOTA,PETROL,TOYOTA PRIUS,11232,105.0,2018
10286,1076,TOYOTA,PETROL,TOYOTA PRIUS PLUS,14854,133.0,2018
10573,594,TOYOTA,PETROL,TOYOTA RAV4,29018,131.0,2020
10385,450,TOYOTA,PETROL,TOYOTA RAV4,37274,133.0,2019
10380,317,TOYOTA,PETROL,TOYOTA RAV4,52552,133.0,2019
10276,162,TOYOTA,PETROL,TOYOTA RAV4,83093,146.0,2018
10582,1200,TOYOTA,PETROL,TOYOTA YARIS,13340,95.0,2020
10578,947,TOYOTA,PETROL,TOYOTA YARIS,17694,95.0,2020
10572,574,TOYOTA,PETROL,TOYOTA YARIS,29843,134.0,2020
10375,104,TOYOTA,PETROL,TOYOTA YARIS,108322,133.0,2019
10274,65,TOYOTA,PETROL,TOYOTA YARIS,131621,133.0,2018
10575,749,TOYOTA,PETROL,TOYOTA YARIS HYBRID,22997,108.0,2020
10373,95,TOYOTA,PETROL,TOYOTA YARIS HYBRID,113315,109.0,2019
10272,29,TOYOTA,PETROL,TOYOTA YARIS HYBRID,187708,109.0,2018
10584,1324,TOYOTA,PETROL,YARIS,11766,97.0,2020
10391,1036,TOYOTA,PETROL,YARIS,15575,121.0,2019
10280,672,TOYOTA,PETROL,YARIS,25759,135.0,2018
10574,645,TOYOTA,PETROL,YARIS,26888,134.0,2020
10376,190,TOYOTA,PETROL,YARIS,75784,131.0,2019
10585,1390,TOYOTA,PETROL,YARIS HYBRID,11150,109.0,2020
10277,526,TOYOTA,PETROL,YARIS HYBRID,32172,109.0,2018
10381,338,TOYOTA,PETROL,YARIS HYBRID,48958,109.0,2019
10390,1012,TOYOTA,PETROL,YARIS ICON TECH VVT-I,16036,135.0,2019
10395,1097,TOYOTA,PETROL,YARIS ICON TECH VVT-I HEV CVT,14576,108.0,2019
10895,1344,VAUXHALL,PETROL,CORSA ENERGY,11540,148.0,2019
10807,1030,VAUXHALL,PETROL,CORSA ENERGY,15666,144.0,2018
10893,456,VAUXHALL,PETROL,CORSA GRIFFIN,36848,147.0,2019
10896,1353,VAUXHALL,PETROL,CORSA SRI VX-LINE NAV BLACK,11446,151.0,2019
10894,1316,VAUXHALL,PETROL,MOKKA X ACTIVE ECOTEC S/S,11830,168.0,2019
10806,895,VAUXHALL,PETROL,MOKKA X ACTIVE ECOTEC S/S,18702,172.0,2018
11205,1326,VOLKSWAGEN,DIESEL,ARTEON,11762,154.0,2019
11090,1204,VOLKSWAGEN,DIESEL,ARTEON,13294,150.0,2018
11554,1278,VOLKSWAGEN,PETROL,BEETLE,12206,165.0,2018
11821,1444,VOLKSWAGEN,PETROL,CADDY,10530,167.0,2020
11354,1071,VOLKSWAGEN,DIESEL,CADDY,14952,164.0,2020
11197,798,VOLKSWAGEN,DIESEL,CADDY,21067,158.0,2019
11650,743,VOLKSWAGEN,PETROL,CADDY,23128,164.0,2019
11547,513,VOLKSWAGEN,PETROL,CADDY,33126,166.0,2018
11188,330,VOLKSWAGEN,DIESEL,CADDY,50427,162.0,2019
11077,326,VOLKSWAGEN,DIESEL,CADDY,51205,161.0,2018
11092,1500,VOLKSWAGEN,DIESEL,CALIFORNIA BEACH,10059,231.0,2018
11206,1332,VOLKSWAGEN,DIESEL,CALIFORNIA BEACH,11669,233.0,2019
11822,1468,VOLKSWAGEN,PETROL,GOLF,10334,153.0,2020
11660,1446,VOLKSWAGEN,PETROL,GOLF,10526,136.0,2019
11556,1405,VOLKSWAGEN,PETROL,GOLF,10976,142.0,2018
11659,1394,VOLKSWAGEN,PETROL,GOLF,11100,139.0,2019
11500,1382,VOLKSWAGEN,NG,GOLF,11224,113.0,2019
11473,1366,VOLKSWAGEN,ELECTRIC,GOLF,11341,0.0,2020
11553,1230,VOLKSWAGEN,PETROL,GOLF,12798,139.0,2018
11818,1064,VOLKSWAGEN,PETROL,GOLF,15041,135.0,2020
11453,1049,VOLKSWAGEN,ELECTRIC,GOLF,15284,0.0,2018
11817,1048,VOLKSWAGEN,PETROL,GOLF,15308,141.0,2020
11654,1028,VOLKSWAGEN,PETROL,GOLF,15747,139.0,2019
11460,1027,VOLKSWAGEN,ELECTRIC,GOLF,15752,0.0,2019
11200,966,VOLKSWAGEN,DIESEL,GOLF,17065,136.0,2019
11350,963,VOLKSWAGEN,DIESEL,GOLF,17119,141.0,2020
11471,892,VOLKSWAGEN,ELECTRIC,GOLF,18789,0.0,2020
11349,835,VOLKSWAGEN,DIESEL,GOLF,20088,115.0,2020
11813,768,VOLKSWAGEN,PETROL,GOLF,21931,128.0,2020
11084,676,VOLKSWAGEN,DIESEL,GOLF,25368,131.0,2018
11549,615,VOLKSWAGEN,PETROL,GOLF,28042,137.0,2018
11459,606,VOLKSWAGEN,ELECTRIC,GOLF,28648,0.0,2019
11810,404,VOLKSWAGEN,PETROL,GOLF,41055,131.0,2020
11647,356,VOLKSWAGEN,PETROL,GOLF,47714,142.0,2019
11544,316,VOLKSWAGEN,PETROL,GOLF,52700,141.0,2018
11076,267,VOLKSWAGEN,DIESEL,GOLF,60843,138.0,2018
11075,252,VOLKSWAGEN,DIESEL,GOLF,62658,135.0,2018
11186,231,VOLKSWAGEN,DIESEL,GOLF,67503,133.0,2019
11185,216,VOLKSWAGEN,DIESEL,GOLF,69609,136.0,2019
11183,195,VOLKSWAGEN,DIESEL,GOLF,74648,139.0,2019
11073,167,VOLKSWAGEN,DIESEL,GOLF,82704,133.0,2018
11639,125,VOLKSWAGEN,PETROL,GOLF,96375,138.0,2019
11536,60,VOLKSWAGEN,PETROL,GOLF,138312,136.0,2018
11534,35,VOLKSWAGEN,PETROL,GOLF,176872,141.0,2018
11635,32,VOLKSWAGEN,PETROL,GOLF,184626,149.0,2019
11207,1424,VOLKSWAGEN,DIESEL,GOLF MATCH TDI,10754,128.0,2019
11657,1330,VOLKSWAGEN,PETROL,GOLF MATCH TSI EVO,11702,132.0,2019
11661,1479,VOLKSWAGEN,PETROL,GOLF R TSI 4MOTION S-A,10186,193.0,2019
11557,1456,VOLKSWAGEN,PETROL,GOLF SE NAVIGATION TSI EVO,10462,137.0,2018
11815,1002,VOLKSWAGEN,PETROL,GOLF SPORTSVAN,16204,143.0,2020
11552,750,VOLKSWAGEN,PETROL,GOLF SPORTSVAN,22906,142.0,2018
11645,280,VOLKSWAGEN,PETROL,GOLF SPORTSVAN,58144,145.0,2019
11538,173,VOLKSWAGEN,PETROL,GOLF SPORTSVAN,80624,148.0,2018
11470,827,VOLKSWAGEN,ELECTRIC,ID3 PRO 150 KW,20210,0.0,2020
11469,643,VOLKSWAGEN,ELECTRIC,ID3 PRO 150 KW,27023,0.0,2020
11199,898,VOLKSWAGEN,DIESEL,KOMBI,18555,210.0,2019
11193,614,VOLKSWAGEN,DIESEL,KOMBI,28071,211.0,2019
11083,486,VOLKSWAGEN,DIESEL,KOMBI,35012,208.0,2018
11555,1282,VOLKSWAGEN,PETROL,MOVE UP,12178,118.0,2018
11351,1018,VOLKSWAGEN,DIESEL,MULTIVAN,15950,222.0,2020
11189,369,VOLKSWAGEN,DIESEL,MULTIVAN,45712,228.0,2019
11079,366,VOLKSWAGEN,DIESEL,MULTIVAN,45869,226.0,2018
11204,1306,VOLKSWAGEN,DIESEL,PASSAT,11904,169.0,2019
11656,1280,VOLKSWAGEN,PETROL,PASSAT,12187,156.0,2019
11089,1203,VOLKSWAGEN,DIESEL,PASSAT,13306,163.0,2018
11352,1041,VOLKSWAGEN,DIESEL,PASSAT,15462,139.0,2020
11531,888,VOLKSWAGEN,PETROL,PASSAT,18844,204.0,2017
11944,799,VOLKSWAGEN,PETROL/ELECTRIC,PASSAT,21002,32.0,2020
11551,707,VOLKSWAGEN,PETROL,PASSAT,24185,154.0,2018
11649,670,VOLKSWAGEN,PETROL,PASSAT,25792,159.0,2019
11548,521,VOLKSWAGEN,PETROL,PASSAT,32458,149.0,2018
11345,380,VOLKSWAGEN,DIESEL,PASSAT,44011,144.0,2020
11190,372,VOLKSWAGEN,DIESEL,PASSAT,45062,146.0,2019
11074,204,VOLKSWAGEN,DIESEL,PASSAT,73247,145.0,2018
11071,97,VOLKSWAGEN,DIESEL,PASSAT,112050,148.0,2018
11182,89,VOLKSWAGEN,DIESEL,PASSAT,114866,149.0,2019
11655,1152,VOLKSWAGEN,PETROL,POLO,13856,129.0,2019
11085,773,VOLKSWAGEN,DIESEL,POLO,21776,132.0,2018
11196,744,VOLKSWAGEN,DIESEL,POLO,23110,131.0,2019
11191,408,VOLKSWAGEN,DIESEL,POLO,40840,130.0,2019
11080,392,VOLKSWAGEN,DIESEL,POLO,42526,130.0,2018
11807,324,VOLKSWAGEN,PETROL,POLO,51465,138.0,2020
11805,245,VOLKSWAGEN,PETROL,POLO,64303,130.0,2020
11636,62,VOLKSWAGEN,PETROL,POLO,132551,134.0,2019
11535,58,VOLKSWAGEN,PETROL,POLO,140258,129.0,2018
11634,22,VOLKSWAGEN,PETROL,POLO,207752,129.0,2019
11533,14,VOLKSWAGEN,PETROL,POLO,257226,126.0,2018
11653,972,VOLKSWAGEN,PETROL,POLO SE EVO,16938,130.0,2019
11651,833,VOLKSWAGEN,PETROL,POLO SE TSI,20140,123.0,2019
11546,444,VOLKSWAGEN,PETROL,POLO SE TSI,37524,121.0,2018
11087,996,VOLKSWAGEN,DIESEL,SHARAN,16398,177.0,2018
11198,886,VOLKSWAGEN,DIESEL,SHARAN,18870,181.0,2019
11201,1184,VOLKSWAGEN,DIESEL,T-CROSS,13526,142.0,2019
11811,500,VOLKSWAGEN,PETROL,T-CROSS,33871,141.0,2020
11806,305,VOLKSWAGEN,PETROL,T-CROSS,53868,139.0,2020
11644,273,VOLKSWAGEN,PETROL,T-CROSS,59106,138.0,2019
11640,130,VOLKSWAGEN,PETROL,T-CROSS,95086,137.0,2019
11086,994,VOLKSWAGEN,DIESEL,T-ROC,16402,144.0,2018
11348,785,VOLKSWAGEN,DIESEL,T-ROC,21383,145.0,2020
11082,451,VOLKSWAGEN,DIESEL,T-ROC,37220,146.0,2018
11192,420,VOLKSWAGEN,DIESEL,T-ROC,39332,153.0,2019
11809,355,VOLKSWAGEN,PETROL,T-ROC,47739,146.0,2020
11808,344,VOLKSWAGEN,PETROL,T-ROC,48504,154.0,2020
11541,214,VOLKSWAGEN,PETROL,T-ROC,70230,145.0,2018
11184,199,VOLKSWAGEN,DIESEL,T-ROC,74000,151.0,2019
11537,106,VOLKSWAGEN,PETROL,T-ROC,105340,144.0,2018
11638,103,VOLKSWAGEN,PETROL,T-ROC,108608,155.0,2019
11637,80,VOLKSWAGEN,PETROL,T-ROC,122718,150.0,2019
11091,1431,VOLKSWAGEN,DIESEL,TIGUAN,10690,181.0,2018
11658,1346,VOLKSWAGEN,PETROL,TIGUAN,11512,203.0,2019
11202,1222,VOLKSWAGEN,DIESEL,TIGUAN,12928,186.0,2019
11814,841,VOLKSWAGEN,PETROL,TIGUAN,19931,160.0,2020
11812,518,VOLKSWAGEN,PETROL,TIGUAN,32606,176.0,2020
11347,429,VOLKSWAGEN,DIESEL,TIGUAN,38438,176.0,2020
11346,424,VOLKSWAGEN,DIESEL,TIGUAN,38809,160.0,2020
11643,270,VOLKSWAGEN,PETROL,TIGUAN,59658,168.0,2019
11543,243,VOLKSWAGEN,PETROL,TIGUAN,64630,181.0,2018
11069,235,VOLKSWAGEN,DIESEL,TIGUAN,66832,192.0,2017
11540,191,VOLKSWAGEN,PETROL,TIGUAN,75732,169.0,2018
11641,172,VOLKSWAGEN,PETROL,TIGUAN,80713,180.0,2019
11072,123,VOLKSWAGEN,DIESEL,TIGUAN,96804,165.0,2018
11181,84,VOLKSWAGEN,DIESEL,TIGUAN,120452,165.0,2019
11180,63,VOLKSWAGEN,DIESEL,TIGUAN,132217,175.0,2019
11070,46,VOLKSWAGEN,DIESEL,TIGUAN,156880,161.0,2018
11203,1283,VOLKSWAGEN,DIESEL,TOUAREG,12146,216.0,2019
11088,1131,VOLKSWAGEN,DIESEL,TOUAREG,14096,217.0,2018
11194,621,VOLKSWAGEN,DIESEL,TOUAREG,27856,220.0,2019
11820,1387,VOLKSWAGEN,PETROL,TOURAN,11162,157.0,2020
11353,1057,VOLKSWAGEN,DIESEL,TOURAN,15200,149.0,2020
11652,921,VOLKSWAGEN,PETROL,TOURAN,18062,161.0,2019
11195,708,VOLKSWAGEN,DIESEL,TOURAN,24172,151.0,2019
11550,657,VOLKSWAGEN,PETROL,TOURAN,26384,163.0,2018
11648,445,VOLKSWAGEN,PETROL,TOURAN,37514,161.0,2019
11081,443,VOLKSWAGEN,DIESEL,TOURAN,37542,147.0,2018
11545,379,VOLKSWAGEN,PETROL,TOURAN,44026,163.0,2018
11078,347,VOLKSWAGEN,DIESEL,TOURAN,48412,147.0,2018
11187,327,VOLKSWAGEN,DIESEL,TOURAN,50665,154.0,2019
11499,1367,VOLKSWAGEN,NG,UP!,11338,103.0,2019
11472,1302,VOLKSWAGEN,ELECTRIC,UP!,11951,0.0,2020
11819,1260,VOLKSWAGEN,PETROL,UP!,12378,122.0,2020
11816,1017,VOLKSWAGEN,PETROL,UP!,15952,121.0,2020
11530,297,VOLKSWAGEN,PETROL,UP!,55098,128.0,2017
11646,289,VOLKSWAGEN,PETROL,UP!,56830,119.0,2019
11642,257,VOLKSWAGEN,PETROL,UP!,62046,120.0,2019
11542,219,VOLKSWAGEN,PETROL,UP!,69377,120.0,2018
11539,179,VOLKSWAGEN,PETROL,UP!,78641,118.0,2018
11969,1386,VOLVO,DIESEL,S90,11194,188.0,2018
12039,1054,VOLVO,DIESEL,V40,15208,137.0,2019
12202,608,VOLVO,PETROL,V40,28470,154.0,2019
12151,575,VOLVO,PETROL,V40,29812,155.0,2018
11965,547,VOLVO,DIESEL,V40,31122,138.0,2018
11970,1430,VOLVO,DIESEL,V40 CROSS COUNTRY,10708,141.0,2018
12153,1337,VOLVO,PETROL,V60,11646,198.0,2018
12204,1199,VOLVO,PETROL,V60,13342,177.0,2019
12125,1073,VOLVO,DIESEL,V60,14932,147.0,2020
11968,902,VOLVO,DIESEL,V60,18508,153.0,2018
11966,696,VOLVO,DIESEL,V60,24626,146.0,2018
12034,288,VOLVO,DIESEL,V60,56906,147.0,2019
11971,1433,VOLVO,DIESEL,V60 CROSS COUNTRY,10660,186.0,2018
12037,925,VOLVO,DIESEL,V60 CROSS COUNTRY,18005,161.0,2019
12342,1303,VOLVO,PETROL/ELECTRIC,V60 T8 TWIN ENGINE,11915,51.0,2019
12036,732,VOLVO,DIESEL,V90,23322,163.0,2019
11963,480,VOLVO,DIESEL,V90,35284,163.0,2018
12038,951,VOLVO,DIESEL,V90 CROSS COUNTRY,17564,176.0,2019
11967,777,VOLVO,DIESEL,V90 CROSS COUNTRY,21659,176.0,2018
12361,1021,VOLVO,PETROL/ELECTRIC,XC40,15863,49.0,2020
12124,864,VOLVO,DIESEL,XC40,19417,158.0,2020
12285,552,VOLVO,PETROL,XC40,30675,166.0,2020
12150,463,VOLVO,PETROL,XC40,36544,178.0,2018
11962,422,VOLVO,DIESEL,XC40,39290,164.0,2018
12201,260,VOLVO,PETROL,XC40,61707,171.0,2019
12033,230,VOLVO,DIESEL,XC40,67581,159.0,2019
12152,863,VOLVO,PETROL,XC60,19418,202.0,2018
12203,716,VOLVO,PETROL,XC60,23866,197.0,2019
12123,591,VOLVO,DIESEL,XC60,29254,163.0,2020
11961,164,VOLVO,DIESEL,XC60,83004,179.0,2018
12032,152,VOLVO,DIESEL,XC60,85470,167.0,2019
12327,1186,VOLVO,PETROL/ELECTRIC,XC60 T8 TWIN ENGINE,13488,101.0,2018
12341,884,VOLVO,PETROL/ELECTRIC,XC60 T8 TWIN ENGINE,18914,68.0,2019
12035,685,VOLVO,DIESEL,XC90,25116,196.0,2019
11964,545,VOLVO,DIESEL,XC90,31200,208.0,2018
